user_id,company_1,job_1,duration_1,company_2,job_2,duration_2,company_3,job_3,duration_3,company_4,job_4,duration_4,company_5,job_5,duration_5,company_6,job_6,duration_6,company_7,job_7,duration_7,company_8,job_8,duration_8,company_9,job_9,duration_9,company_10,job_10,duration_10,company_11,job_11,duration_11,company_12,job_12,duration_12,company_13,job_13,duration_13,company_14,job_14,duration_14,company_15,job_15,duration_15
00a1831f-4a1a-4adc-9fcd-f51ff3659f34,afe4d16f403a383f07814bbe04a5e7c5a7dc62ba5ce4040fc85514c29e0e88ae,securities and finance dealers and brokers,43,f290964e29a467020ed3c821abd40d53875928cb930f9be3086bb1733816bbc7,engineering professionals not elsewhere classified,23,2f03b074cdf9e40b4c72d781c9b026ce64098bd5220bd637d6a88db5ca497d84,systems analysts,16.0,0033fde84fc017730d10d125e60b6eaace90ef5ca31a7e707ecb27faa8742ba7,engineering professionals not elsewhere classified,9.0,,,,,,,,,,,,,,,,,,,,,,,,,,,,,,,,,
00b2fd09-7231-442a-b6aa-3ac6210e97a4,2834b4e212fc6f1ffaff745ec8efb38df9e704730c47ec43444a3216d3d9ef9d,accounting associate professionals,25,8592232e6bac93d476093990ece236933428c7fb6f7197a4ea6008885ecdd6bb,accountants,8,,,,,,,,,,,,,,,,,,,,,,,,,,,,,,,,,,,,,,,
01212e36-3960-4a33-ad0a-dd5bb65ba44b,2f03b074cdf9e40b4c72d781c9b026ce64098bd5220bd637d6a88db5ca497d84,"supply, distribution and related managers",4,2834b4e212fc6f1ffaff745ec8efb38df9e704730c47ec43444a3216d3d9ef9d,pre-press technicians,15,b5ef063dc9f9104e380b55b8fc5e47e23c19db9eb2b3a24d12e2fc0c73ea8531,filing and copying clerks,16.0,d30b4b991d372bab611661f1d64fc950a35daee8a61b3812e4610c22d5d70a81,information and communications technology user support technicians,20.0,f43d0727cfb6bf30ae126fdc253f1972ecfc8d6ff5e5c6338e85fef56c41f023,software developers,9.0,9b7ebdc33457c2a5e020325f51092dd2a8342334848b913c224e379345364db5,"mathematicians, actuaries and statisticians",10.0,,,,,,,,,,,,,,,,,,,,,,,,,,,
013d332a-9824-4f97-a8f2-49b5e02159e9,d498c8943860a3a0a71b166c6f518ebf74158bc4f36ed0cb4a0bb33c1b3c4e1c,"textile, fur and leather products machine operators not elsewhere classified",13,a7d324a4b53ea3878089c268660a04874f40e805f6f74b28bb448073625ea6f0,accountants,26,0c9995426ed94d5691e5295d97d87e67641e4107c54570da8722111da73126cc,software developers,9.0,0c9995426ed94d5691e5295d97d87e67641e4107c54570da8722111da73126cc,software developers,14.0,dbb8160fcd54d2e8d017f56dbb4785507629718cbe99a90e41d9f14920a39a7e,software developers,25.0,,,,,,,,,,,,,,,,,,,,,,,,,,,,,,
01912d4e-c64a-46cd-be3f-8b48817e0ede,2f03b074cdf9e40b4c72d781c9b026ce64098bd5220bd637d6a88db5ca497d84,medical and dental prosthetic technicians,30,f72bf0d863837cf3dbe189a1006d5d921b6a9e242262f712919fd97353b67bae,accounting associate professionals,10,,,,,,,,,,,,,,,,,,,,,,,,,,,,,,,,,,,,,,,
0201b3d7-e96e-4621-a225-1487c677c844,9fbf261b62c1d7c00db73afb81dd97fdf20b3442e36e338cb9359b856a03bdc8,software and applications developers and analysts not elsewhere classified,1,9fbf261b62c1d7c00db73afb81dd97fdf20b3442e36e338cb9359b856a03bdc8,policy and planning managers,4,5649703edbfe3c9af8c029dcf4f1a82f88511cb14bb1777546effdbbbf46afd8,civil engineers,12.0,5dd95c98aff2e783a09348f600def0d5e4e476f71e85e9be91de86aab36544cd,civil engineers,28.0,d9a50552a03a374de62b0d5a42b8cff7854b3e1bc30b1636809ed16c90baf16c,commercial sales representatives,10.0,d9a50552a03a374de62b0d5a42b8cff7854b3e1bc30b1636809ed16c90baf16c,commercial sales representatives,14.0,d9a50552a03a374de62b0d5a42b8cff7854b3e1bc30b1636809ed16c90baf16c,policy administration professionals,8.0,,,,,,,,,,,,,,,,,,,,,,,,
0331a9bf-3c0b-4bf9-aac8-d4f26580f040,0c9995426ed94d5691e5295d97d87e67641e4107c54570da8722111da73126cc,"textile, fur and leather products machine operators not elsewhere classified",25,3f0c53ab9cdcae152788be5cf7c39b36c94352dc5e41b8ad0f96e7f1e8b2e9f0,"textile, fur and leather products machine operators not elsewhere classified",18,d9a50552a03a374de62b0d5a42b8cff7854b3e1bc30b1636809ed16c90baf16c,"supply, distribution and related managers",7.0,21087a3393ca828f8799dbb70edd8d0ee67b0869f8287dc099fc435e285d232a,software developers,12.0,bee4f75d30e5aa6bd3a7013cf048af6f312c3024188527c6296013116493fa7f,software developers,32.0,074836f99e3539947da643a67938ba89c1c93d991bc7f2912e21396db418c71f,software developers,22.0,,,,,,,,,,,,,,,,,,,,,,,,,,,
03baa32d-9389-40eb-885b-18b3024e1d2a,bcab88fbaadbd5bd0f1a67d54e4e1738fbc9ff9850bcb4e0911421a4b6ece901,"sociologists, anthropologists and related professionals",36,bcab88fbaadbd5bd0f1a67d54e4e1738fbc9ff9850bcb4e0911421a4b6ece901,financial analysts,20,cb571403f03f2568c5b737f55fcd292a2c7245c6ee832d08fbedb5c6b2412ebd,software and applications developers and analysts not elsewhere classified,87.0,,,,,,,,,,,,,,,,,,,,,,,,,,,,,,,,,,,,
03d6710a-eddd-4108-9b8d-44054df2e066,317e30160f5b3b7110e7c61c7d449f9043b13294582374438ae62b096c545490,engineering professionals not elsewhere classified,24,33b38b3c99b1d16fa226ea8fe2a1ddf3c5b6aac7acd3985a5bba5da0efd4e4a4,engineering professionals not elsewhere classified,18,,,,,,,,,,,,,,,,,,,,,,,,,,,,,,,,,,,,,,,
04739ba2-6960-419e-b647-9c5609ff11d7,60a789d267068df9a6b3db1b49e369d556bba40835d2b7114f13aeca198c47bc,enquiry clerks,3,317e30160f5b3b7110e7c61c7d449f9043b13294582374438ae62b096c545490,accounting associate professionals,7,2f03b074cdf9e40b4c72d781c9b026ce64098bd5220bd637d6a88db5ca497d84,contact centre salespersons,27.0,,,,,,,,,,,,,,,,,,,,,,,,,,,,,,,,,,,,
04c0aa2b-2514-4852-82cc-74e10ba79b35,0c9995426ed94d5691e5295d97d87e67641e4107c54570da8722111da73126cc,payroll clerks,7,a52d553063f1f12b7825615b6187655f7a4968cc6acef4eea7df5abd4ae54a2a,"armed forces occupations, other ranks",15,,,,,,,,,,,,,,,,,,,,,,,,,,,,,,,,,,,,,,,
0594a1a4-2091-45da-9a7f-43603dc1180a,d9a50552a03a374de62b0d5a42b8cff7854b3e1bc30b1636809ed16c90baf16c,accountants,4,2834b4e212fc6f1ffaff745ec8efb38df9e704730c47ec43444a3216d3d9ef9d,"statistical, finance and insurance clerks",19,,,,,,,,,,,,,,,,,,,,,,,,,,,,,,,,,,,,,,,
0c7de6e9-2111-4e5a-8b33-4d5fbda80ccc,317e30160f5b3b7110e7c61c7d449f9043b13294582374438ae62b096c545490,economists,15,f290964e29a467020ed3c821abd40d53875928cb930f9be3086bb1733816bbc7,trade brokers,18,22fbbde69880a46530ecb02365dc07d3ddbc19aa8558f432b4728bb663d44f71,home-based personal care workers,26.0,2f03b074cdf9e40b4c72d781c9b026ce64098bd5220bd637d6a88db5ca497d84,economists,28.0,f43d0727cfb6bf30ae126fdc253f1972ecfc8d6ff5e5c6338e85fef56c41f023,economists,25.0,,,,,,,,,,,,,,,,,,,,,,,,,,,,,,
0ccd1f5e-93ac-4a26-867c-9627462df682,b5ef063dc9f9104e380b55b8fc5e47e23c19db9eb2b3a24d12e2fc0c73ea8531,managing directors and chief executives,8,1b9bb9957dbbe8fcdb63a10b1d6755d30364518b9dfd96cd5da3b56118392fa4,managing directors and chief executives,49,1b9bb9957dbbe8fcdb63a10b1d6755d30364518b9dfd96cd5da3b56118392fa4,administrative and executive secretaries,51.0,,,,,,,,,,,,,,,,,,,,,,,,,,,,,,,,,,,,
0d63dd3e-dad3-4134-a670-26b278fd05a9,2834b4e212fc6f1ffaff745ec8efb38df9e704730c47ec43444a3216d3d9ef9d,accounting associate professionals,6,0c9995426ed94d5691e5295d97d87e67641e4107c54570da8722111da73126cc,software and applications developers and analysts not elsewhere classified,3,,,,,,,,,,,,,,,,,,,,,,,,,,,,,,,,,,,,,,,
0e12f6f9-2a96-43a3-9a8b-5ce15cb68a6b,2f03b074cdf9e40b4c72d781c9b026ce64098bd5220bd637d6a88db5ca497d84,engineering professionals not elsewhere classified,91,faa798a76e5ba0de080c07223afa49cd5645f3145802222ba375e20bfeddd012,accounting associate professionals,13,faa798a76e5ba0de080c07223afa49cd5645f3145802222ba375e20bfeddd012,freight handlers,9.0,,,,,,,,,,,,,,,,,,,,,,,,,,,,,,,,,,,,
0f98b5c8-8521-4b8b-98f1-b36a32ac40d6,83d70721f6ebd32f043d213de2ae27cc798066ed614c2d52e9cb0ae1f8284921,judges,41,2834b4e212fc6f1ffaff745ec8efb38df9e704730c47ec43444a3216d3d9ef9d,judges,3,2834b4e212fc6f1ffaff745ec8efb38df9e704730c47ec43444a3216d3d9ef9d,medical records and health information technicians,24.0,2834b4e212fc6f1ffaff745ec8efb38df9e704730c47ec43444a3216d3d9ef9d,software and applications developers and analysts not elsewhere classified,38.0,2834b4e212fc6f1ffaff745ec8efb38df9e704730c47ec43444a3216d3d9ef9d,software and applications developers and analysts not elsewhere classified,26.0,2834b4e212fc6f1ffaff745ec8efb38df9e704730c47ec43444a3216d3d9ef9d,managing directors and chief executives,29.0,,,,,,,,,,,,,,,,,,,,,,,,,,,
11443673-fd40-4692-8370-a0bcde333393,317e30160f5b3b7110e7c61c7d449f9043b13294582374438ae62b096c545490,policy administration professionals,9,2f03b074cdf9e40b4c72d781c9b026ce64098bd5220bd637d6a88db5ca497d84,policy administration professionals,39,,,,,,,,,,,,,,,,,,,,,,,,,,,,,,,,,,,,,,,
1151b169-c06e-457e-84b0-dc8ef5fa4320,8f7327bbec1fa326e6db110f9893178d290dfeff71ecb579bfbc4530f5b551c9,retail and wholesale trade managers,115,b5ef063dc9f9104e380b55b8fc5e47e23c19db9eb2b3a24d12e2fc0c73ea8531,credit and loans officers,42,8592232e6bac93d476093990ece236933428c7fb6f7197a4ea6008885ecdd6bb,accounting associate professionals,10.0,,,,,,,,,,,,,,,,,,,,,,,,,,,,,,,,,,,,
1337ff37-94dd-425b-a898-6c4b46caa4ee,f9721251990ea3ce2ab1de033ff05bb4d9e23b91351ebe63a92c6491d9bb691c,"statistical, finance and insurance clerks",23,f9721251990ea3ce2ab1de033ff05bb4d9e23b91351ebe63a92c6491d9bb691c,journalists,39,0c9995426ed94d5691e5295d97d87e67641e4107c54570da8722111da73126cc,retail and wholesale trade managers,94.0,,,,,,,,,,,,,,,,,,,,,,,,,,,,,,,,,,,,
138aa5c4-f221-40b0-96ab-da0dba441ed4,bcab88fbaadbd5bd0f1a67d54e4e1738fbc9ff9850bcb4e0911421a4b6ece901,broadcasting and audiovisual technicians,22,33b38b3c99b1d16fa226ea8fe2a1ddf3c5b6aac7acd3985a5bba5da0efd4e4a4,business services agents not elsewhere classified,17,413bb748aa81d7b73257fd857e945f60bd392c5fa8618bcd9b9129ed36b04a1a,training and staff development professionals,13.0,,,,,,,,,,,,,,,,,,,,,,,,,,,,,,,,,,,,
13f5f706-398c-438f-8dc5-3622c03ee59b,65326aa32ab9fbc54ff08bce26de4ffaa644f813b41af1c8c6358c1b707d6c10,financial and investment advisers,10,33b38b3c99b1d16fa226ea8fe2a1ddf3c5b6aac7acd3985a5bba5da0efd4e4a4,accountants,36,,,,,,,,,,,,,,,,,,,,,,,,,,,,,,,,,,,,,,,
1535fb7d-41fd-43c3-b977-738d4323ad63,5de2261f8033f5a97e0a78df1a4fea4ed51c6a2cd7b3fc33353e1bae759b60c1,medical records and health information technicians,16,2f03b074cdf9e40b4c72d781c9b026ce64098bd5220bd637d6a88db5ca497d84,engineering professionals not elsewhere classified,15,22fbbde69880a46530ecb02365dc07d3ddbc19aa8558f432b4728bb663d44f71,systems analysts,26.0,,,,,,,,,,,,,,,,,,,,,,,,,,,,,,,,,,,,
15964a72-08d2-491c-bc80-9d3ca7ea89a6,33b38b3c99b1d16fa226ea8fe2a1ddf3c5b6aac7acd3985a5bba5da0efd4e4a4,physical and engineering science technicians not elsewhere classified,7,f6890cfc471b933a9519c3fd5a88e81f0c4e8205b13983d0122600fd4d578310,software developers,10,317e30160f5b3b7110e7c61c7d449f9043b13294582374438ae62b096c545490,web and multimedia developers,13.0,4be60d5ae34424cce093ab603dd1ea1c41beb5bdf79f4f0d9a1f80f0b642fed7,web and multimedia developers,6.0,2f03b074cdf9e40b4c72d781c9b026ce64098bd5220bd637d6a88db5ca497d84,web and multimedia developers,23.0,b40041695615258b5715d0ea5957e786816f9bf6143a144372c7e16acbcfdee4,web and multimedia developers,36.0,,,,,,,,,,,,,,,,,,,,,,,,,,,
1682dfee-ba65-42fc-b0ed-86f59bfefef0,f290964e29a467020ed3c821abd40d53875928cb930f9be3086bb1733816bbc7,economists,13,f290964e29a467020ed3c821abd40d53875928cb930f9be3086bb1733816bbc7,securities and finance dealers and brokers,16,f46a6e0dd2224b36858747ad4f85ca6a885e50d7b4a531d0838cd2af8a50d7e7,economists,13.0,f290964e29a467020ed3c821abd40d53875928cb930f9be3086bb1733816bbc7,economists,11.0,f290964e29a467020ed3c821abd40d53875928cb930f9be3086bb1733816bbc7,systems analysts,10.0,,,,,,,,,,,,,,,,,,,,,,,,,,,,,,
17b68442-030a-4309-8e93-e04c7a59cc4f,6219be0c327e4c8b5d3a02f2cf4e71edfb5c10ceb7cfe0a16428b883590b7477,administrative and executive secretaries,7,2f03b074cdf9e40b4c72d781c9b026ce64098bd5220bd637d6a88db5ca497d84,accounting associate professionals,45,2f03b074cdf9e40b4c72d781c9b026ce64098bd5220bd637d6a88db5ca497d84,accounting associate professionals,49.0,,,,,,,,,,,,,,,,,,,,,,,,,,,,,,,,,,,,
18faaf47-fbea-411e-ae5a-dd3736eefc94,2f03b074cdf9e40b4c72d781c9b026ce64098bd5220bd637d6a88db5ca497d84,manufacturing labourers not elsewhere classified,32,317e30160f5b3b7110e7c61c7d449f9043b13294582374438ae62b096c545490,food and related products machine operators,45,,,,,,,,,,,,,,,,,,,,,,,,,,,,,,,,,,,,,,,
1976242f-b81a-42ff-b10f-274dc0678d86,af90ce8903b6162c34efd537741283536e250edce815a2349c92f5a0786db17f,personnel and careers professionals,9,2f03b074cdf9e40b4c72d781c9b026ce64098bd5220bd637d6a88db5ca497d84,personnel and careers professionals,13,,,,,,,,,,,,,,,,,,,,,,,,,,,,,,,,,,,,,,,
1a787a07-9c05-4bb1-933b-f74fa15001c6,0c9995426ed94d5691e5295d97d87e67641e4107c54570da8722111da73126cc,systems analysts,5,2f03b074cdf9e40b4c72d781c9b026ce64098bd5220bd637d6a88db5ca497d84,university and higher education teachers,48,,,,,,,,,,,,,,,,,,,,,,,,,,,,,,,,,,,,,,,
1b4ea848-972a-458e-951f-0f35c38195db,0c9995426ed94d5691e5295d97d87e67641e4107c54570da8722111da73126cc,professional services managers not elsewhere classified,33,2f03b074cdf9e40b4c72d781c9b026ce64098bd5220bd637d6a88db5ca497d84,advertising and marketing professionals,7,2834b4e212fc6f1ffaff745ec8efb38df9e704730c47ec43444a3216d3d9ef9d,managing directors and chief executives,18.0,,,,,,,,,,,,,,,,,,,,,,,,,,,,,,,,,,,,
1c073342-4263-4e9e-bf20-dfbe239b920f,65326aa32ab9fbc54ff08bce26de4ffaa644f813b41af1c8c6358c1b707d6c10,"mathematicians, actuaries and statisticians",19,916a98f0fa2a39af1a736b1a3744cb655dc8638a6953e2fb13e39934ab60d55a,travel attendants and travel stewards,8,ec3ec378fe002ca5d88063e6c91f01f45b535ca4c6e41d4e914fe6d7009c8d71,debt-collectors and related workers,16.0,113dbb26543f243aa798108d8b9890cbcbe6b30a1f3cd0a403cd7e311ac59730,software developers,27.0,d9a50552a03a374de62b0d5a42b8cff7854b3e1bc30b1636809ed16c90baf16c,software developers,39.0,,,,,,,,,,,,,,,,,,,,,,,,,,,,,,
1c0a962b-f25d-426f-8cca-c67d8ce37118,ce749e840dcada0f9196edd49327ae5b3ab16f1d0405e72c1cb7d62b04538a42,toolmakers and related workers,9,2f03b074cdf9e40b4c72d781c9b026ce64098bd5220bd637d6a88db5ca497d84,food and related products machine operators,96,2f03b074cdf9e40b4c72d781c9b026ce64098bd5220bd637d6a88db5ca497d84,economists,56.0,2f03b074cdf9e40b4c72d781c9b026ce64098bd5220bd637d6a88db5ca497d84,"mathematicians, actuaries and statisticians",45.0,,,,,,,,,,,,,,,,,,,,,,,,,,,,,,,,,
1d70f46b-092a-491c-89bd-573cd4eafd8e,743598aceb5d73b958867c51d6387329c3dc447fcecfc2b5983e5616c733b8a0,"supply, distribution and related managers",23,8afc8c5ce5baa02e1099bbfb24e8eada7fb99fe6c799f0f5bb0191e515268e36,research and development managers,33,2f03b074cdf9e40b4c72d781c9b026ce64098bd5220bd637d6a88db5ca497d84,research and development managers,11.0,ad76276eb0460bb2a28ac379f53c976fb022cd65eab687d2ea67df5aba8502a3,business services agents not elsewhere classified,17.0,33b38b3c99b1d16fa226ea8fe2a1ddf3c5b6aac7acd3985a5bba5da0efd4e4a4,business services agents not elsewhere classified,28.0,,,,,,,,,,,,,,,,,,,,,,,,,,,,,,
1db90157-4605-4e1d-a4a5-bf715fe71c07,8afc8c5ce5baa02e1099bbfb24e8eada7fb99fe6c799f0f5bb0191e515268e36,civil engineers,15,93babfec2f0c9778de88e6d0a303448a194353c425497bab45f7ba0a0dbe842d,sales and marketing managers,10,e222326d6cbc14421de729e4fd1b6113c78796b56e7c8087bbfdd3ef6b4aa915,university and higher education teachers,29.0,65326aa32ab9fbc54ff08bce26de4ffaa644f813b41af1c8c6358c1b707d6c10,technical and medical sales professionals (excluding ict),4.0,2f03b074cdf9e40b4c72d781c9b026ce64098bd5220bd637d6a88db5ca497d84,information and communications technology service managers,9.0,7c41483ffbe68e2ac7ea2a786333cb093b7aebf61041383bf9c7efba31ca53ea,information and communications technology service managers,33.0,33b38b3c99b1d16fa226ea8fe2a1ddf3c5b6aac7acd3985a5bba5da0efd4e4a4,information and communications technology service managers,14.0,,,,,,,,,,,,,,,,,,,,,,,,
1e9844ad-fbdb-4a5f-9db3-d669fc571fbd,2f03b074cdf9e40b4c72d781c9b026ce64098bd5220bd637d6a88db5ca497d84,"mathematicians, actuaries and statisticians",10,378af49ae625ce67ff881a07cce5e6e07dbcc6e55e5229ae7977a99957352f90,authors and related writers,7,b8064cee9ee8c63ea466c2ca1f782ec9f4b7f68521972bab44ec4133443511f5,business services agents not elsewhere classified,12.0,63fd435706b78bea06fca2e6e699d4d88d584597174d6a34d381836d3a81a0af,financial and investment advisers,8.0,0c9995426ed94d5691e5295d97d87e67641e4107c54570da8722111da73126cc,systems analysts,26.0,33b38b3c99b1d16fa226ea8fe2a1ddf3c5b6aac7acd3985a5bba5da0efd4e4a4,systems analysts,49.0,,,,,,,,,,,,,,,,,,,,,,,,,,,
1f3a6c4e-6c92-4e7c-bf43-3d06743a7656,2834b4e212fc6f1ffaff745ec8efb38df9e704730c47ec43444a3216d3d9ef9d,"musicians, singers and composers",63,2f03b074cdf9e40b4c72d781c9b026ce64098bd5220bd637d6a88db5ca497d84,travel attendants and travel stewards,19,42f1e9444ee01191b712631bb1db9c12d71154aeb187840bd5587bfea32a9b5b,debt-collectors and related workers,18.0,,,,,,,,,,,,,,,,,,,,,,,,,,,,,,,,,,,,
1fcef0a2-80da-4ec8-8efb-5dabea61fb0a,317e30160f5b3b7110e7c61c7d449f9043b13294582374438ae62b096c545490,debt-collectors and related workers,20,2f03b074cdf9e40b4c72d781c9b026ce64098bd5220bd637d6a88db5ca497d84,financial analysts,8,,,,,,,,,,,,,,,,,,,,,,,,,,,,,,,,,,,,,,,
244c80cd-eab9-49c5-a2dd-b795bd0fed9a,ec3ec378fe002ca5d88063e6c91f01f45b535ca4c6e41d4e914fe6d7009c8d71,research and development managers,16,e62dde9868fc6bf4dbd665382af4124c867eefbad87b212251956765cdffc5a7,"supply, distribution and related managers",25,317e30160f5b3b7110e7c61c7d449f9043b13294582374438ae62b096c545490,engineering professionals not elsewhere classified,2.0,72145481dada2258df9d817e6baf228c1c5d700e31f928c07e08c2434c8fdc25,engineering professionals not elsewhere classified,7.0,,,,,,,,,,,,,,,,,,,,,,,,,,,,,,,,,
256511f1-64b6-476d-83fb-e6c0b95d95f7,33b38b3c99b1d16fa226ea8fe2a1ddf3c5b6aac7acd3985a5bba5da0efd4e4a4,enquiry clerks,15,2f03b074cdf9e40b4c72d781c9b026ce64098bd5220bd637d6a88db5ca497d84,"statistical, finance and insurance clerks",5,,,,,,,,,,,,,,,,,,,,,,,,,,,,,,,,,,,,,,,
2826f637-02fc-4fce-8b75-653c87a6b304,5f74a92256aa4822119f5180c67e9a03425826801bd4576da489116ebb63ca91,civil engineers,8,b5ef063dc9f9104e380b55b8fc5e47e23c19db9eb2b3a24d12e2fc0c73ea8531,"translators, interpreters and other linguists",35,317e30160f5b3b7110e7c61c7d449f9043b13294582374438ae62b096c545490,teaching professionals not elsewhere classified,20.0,317e30160f5b3b7110e7c61c7d449f9043b13294582374438ae62b096c545490,teaching professionals not elsewhere classified,16.0,0c9995426ed94d5691e5295d97d87e67641e4107c54570da8722111da73126cc,university and higher education teachers,24.0,2f03b074cdf9e40b4c72d781c9b026ce64098bd5220bd637d6a88db5ca497d84,managing directors and chief executives,13.0,,,,,,,,,,,,,,,,,,,,,,,,,,,
2828bc4e-ba0c-46ed-b9bf-81a5e7a2e4aa,317e30160f5b3b7110e7c61c7d449f9043b13294582374438ae62b096c545490,mechanical engineers,19,faa798a76e5ba0de080c07223afa49cd5645f3145802222ba375e20bfeddd012,electrical engineers,23,2f03b074cdf9e40b4c72d781c9b026ce64098bd5220bd637d6a88db5ca497d84,electrical engineers,9.0,,,,,,,,,,,,,,,,,,,,,,,,,,,,,,,,,,,,
282b0bcc-7adb-4e6a-b3c8-33c0aaddfa81,317e30160f5b3b7110e7c61c7d449f9043b13294582374438ae62b096c545490,accounting associate professionals,17,f6890cfc471b933a9519c3fd5a88e81f0c4e8205b13983d0122600fd4d578310,"statistical, finance and insurance clerks",3,f6890cfc471b933a9519c3fd5a88e81f0c4e8205b13983d0122600fd4d578310,software and applications developers and analysts not elsewhere classified,31.0,f6890cfc471b933a9519c3fd5a88e81f0c4e8205b13983d0122600fd4d578310,software and applications developers and analysts not elsewhere classified,37.0,f6890cfc471b933a9519c3fd5a88e81f0c4e8205b13983d0122600fd4d578310,software developers,34.0,,,,,,,,,,,,,,,,,,,,,,,,,,,,,,
29dec100-b24d-49d6-bede-f8a9860d2403,65326aa32ab9fbc54ff08bce26de4ffaa644f813b41af1c8c6358c1b707d6c10,debt-collectors and related workers,1,1f9908de12ef0c42432667e0d7c9c42f1cd35b41118716d676f3b707f8d30cb5,accounting associate professionals,35,,,,,,,,,,,,,,,,,,,,,,,,,,,,,,,,,,,,,,,
2c0d0994-2de1-43c2-8314-cc7cd80daf1a,2f03b074cdf9e40b4c72d781c9b026ce64098bd5220bd637d6a88db5ca497d84,accountants,12,cb571403f03f2568c5b737f55fcd292a2c7245c6ee832d08fbedb5c6b2412ebd,debt-collectors and related workers,23,d9a50552a03a374de62b0d5a42b8cff7854b3e1bc30b1636809ed16c90baf16c,accountants,24.0,2ffe43b73aac7d32f74f9c76e5387dfb3009058122929277560c68d5e58e1340,accountants,2.0,,,,,,,,,,,,,,,,,,,,,,,,,,,,,,,,,
2e088e7b-7eb4-4114-a159-539b272d8509,faa798a76e5ba0de080c07223afa49cd5645f3145802222ba375e20bfeddd012,"supply, distribution and related managers",54,1881f398cd923029f11398a1a9ac2af252cf822bea8f194eee4aacb6c3ec6021,software developers,27,d73d8e04a1757cc262ac8be66ca97a4929b9e5f53d4da90733ceb53bbb1e0eb1,software and applications developers and analysts not elsewhere classified,16.0,f6890cfc471b933a9519c3fd5a88e81f0c4e8205b13983d0122600fd4d578310,"mathematicians, actuaries and statisticians",21.0,ab1ad89251d7cadee8cb7bcd7f87a130a36e0842398d2dcf69a71ccaea506afb,software developers,13.0,,,,,,,,,,,,,,,,,,,,,,,,,,,,,,
2e392df7-e7c4-4355-b415-f7e89d90a75b,317e30160f5b3b7110e7c61c7d449f9043b13294582374438ae62b096c545490,accounting associate professionals,16,d9a50552a03a374de62b0d5a42b8cff7854b3e1bc30b1636809ed16c90baf16c,information and communications technology user support technicians,7,,,,,,,,,,,,,,,,,,,,,,,,,,,,,,,,,,,,,,,
2eb4f46d-5cbb-40ad-a744-95c3d275386a,2f03b074cdf9e40b4c72d781c9b026ce64098bd5220bd637d6a88db5ca497d84,medical records and health information technicians,12,2f03b074cdf9e40b4c72d781c9b026ce64098bd5220bd637d6a88db5ca497d84,medical records and health information technicians,54,,,,,,,,,,,,,,,,,,,,,,,,,,,,,,,,,,,,,,,
2ef58243-9923-4330-9a3e-d46594417f28,2f03b074cdf9e40b4c72d781c9b026ce64098bd5220bd637d6a88db5ca497d84,"announcers on radio, television and other media",13,faa798a76e5ba0de080c07223afa49cd5645f3145802222ba375e20bfeddd012,systems analysts,10,0033fde84fc017730d10d125e60b6eaace90ef5ca31a7e707ecb27faa8742ba7,systems analysts,9.0,,,,,,,,,,,,,,,,,,,,,,,,,,,,,,,,,,,,
2f8c3c27-6aeb-4ddc-a3c7-16e23c2bd764,0e073a66ac24cdc352f2bc92a25740bb5847f0dc1deccbef6ef499ecbfc7605f,product graders and testers (excluding foods and beverages),15,0e073a66ac24cdc352f2bc92a25740bb5847f0dc1deccbef6ef499ecbfc7605f,product graders and testers (excluding foods and beverages),19,0ecf173ad5af436c3f18c9191e3703d93edc9fb1a5276dea2500faf49ed90cdf,software and applications developers and analysts not elsewhere classified,21.0,,,,,,,,,,,,,,,,,,,,,,,,,,,,,,,,,,,,
3057c5f5-9eef-4487-aabf-fb7616f15ee5,2f03b074cdf9e40b4c72d781c9b026ce64098bd5220bd637d6a88db5ca497d84,debt-collectors and related workers,18,2f03b074cdf9e40b4c72d781c9b026ce64098bd5220bd637d6a88db5ca497d84,credit and loans officers,16,0033fde84fc017730d10d125e60b6eaace90ef5ca31a7e707ecb27faa8742ba7,accounting associate professionals,9.0,b40041695615258b5715d0ea5957e786816f9bf6143a144372c7e16acbcfdee4,retail and wholesale trade managers,17.0,,,,,,,,,,,,,,,,,,,,,,,,,,,,,,,,,
31490ce9-9b63-416c-8a8c-fe2b4d44af5e,b40041695615258b5715d0ea5957e786816f9bf6143a144372c7e16acbcfdee4,senior government officials,33,b5ef063dc9f9104e380b55b8fc5e47e23c19db9eb2b3a24d12e2fc0c73ea8531,database and network professionals not elsewhere classified,5,,,,,,,,,,,,,,,,,,,,,,,,,,,,,,,,,,,,,,,
31e304d6-5b6a-4d1d-ab5b-ef3c581829ce,2f03b074cdf9e40b4c72d781c9b026ce64098bd5220bd637d6a88db5ca497d84,software and applications developers and analysts not elsewhere classified,28,2f03b074cdf9e40b4c72d781c9b026ce64098bd5220bd637d6a88db5ca497d84,graphic and multimedia designers,6,2f03b074cdf9e40b4c72d781c9b026ce64098bd5220bd637d6a88db5ca497d84,graphic and multimedia designers,32.0,8afc8c5ce5baa02e1099bbfb24e8eada7fb99fe6c799f0f5bb0191e515268e36,economists,12.0,c76b9da170a2be9e28859caa4658a462c213e12cd8695299cb542da394e23cb2,economists,32.0,9fbf261b62c1d7c00db73afb81dd97fdf20b3442e36e338cb9359b856a03bdc8,economists,18.0,,,,,,,,,,,,,,,,,,,,,,,,,,,
33834d34-832b-4799-9d2e-1dc7a84ca78b,0555d7097f382bb7502b9e40f25af238bd729fdd2c1ce4f3d7c3c802dd7ff85c,"supply, distribution and related managers",8,3a6425e1c8af3cc2fe7436ad816edd158f3f49d68ea4b742d46c803dcc999b35,securities and finance dealers and brokers,10,20cd0cd5561b7df589741b649547fb853436f3b02e243e53eddca0eae5621336,prison guards,26.0,17954bc6b7d7d3e364bc41aee2726febe95b305d8aa513d4f94b2b4165450130,software and applications developers and analysts not elsewhere classified,18.0,42f1e9444ee01191b712631bb1db9c12d71154aeb187840bd5587bfea32a9b5b,software developers,16.0,317e30160f5b3b7110e7c61c7d449f9043b13294582374438ae62b096c545490,"supply, distribution and related managers",20.0,,,,,,,,,,,,,,,,,,,,,,,,,,,
3394d213-0ab8-4098-b4cb-bb9516f66fb3,63d283e55344a1cf3802fbe70ff2d48c0b7f13ba2101f30830fde36a78015e1e,personnel and careers professionals,16,0c9995426ed94d5691e5295d97d87e67641e4107c54570da8722111da73126cc,shop sales assistants,6,2f03b074cdf9e40b4c72d781c9b026ce64098bd5220bd637d6a88db5ca497d84,personnel and careers professionals,65.0,,,,,,,,,,,,,,,,,,,,,,,,,,,,,,,,,,,,
33e3a968-f7d8-4fe6-9256-456601ef5fd9,e4737dbe1ba9b078b6760b0f36c36c1e7233ae83317fe8e5b3241ee30609fa0e,engineering professionals not elsewhere classified,2,2f03b074cdf9e40b4c72d781c9b026ce64098bd5220bd637d6a88db5ca497d84,pharmacists,14,,,,,,,,,,,,,,,,,,,,,,,,,,,,,,,,,,,,,,,
341ae69b-2ef8-40e8-8ff1-9e006b2c7905,b40041695615258b5715d0ea5957e786816f9bf6143a144372c7e16acbcfdee4,securities and finance dealers and brokers,10,74c4c1662202499ea22aa3dd453fc05dca41d0bbcb05d5dfb0bf7930eaf39ea2,university and higher education teachers,19,3f9d6ae763adc5d79a13fbcd0b579f03e0d3654c3089c2d03140fb6abc029fa4,"musicians, singers and composers",21.0,64a6ed8fa2b96e405330bd03e835267829fa02c67843f35104a9afe185306141,economists,34.0,22fbbde69880a46530ecb02365dc07d3ddbc19aa8558f432b4728bb663d44f71,economists,20.0,,,,,,,,,,,,,,,,,,,,,,,,,,,,,,
358cd592-4149-4580-b566-6c62452fa401,ca59bad8cead7a8424ad6823fe6aed5ba7af4a9fda854ea5aab75a41b5369465,"supply, distribution and related managers",21,13c68dbf1b047ca07d1f52a4862d974c72920cb13b0905a4382e5d3c1fc3961c,engineering professionals not elsewhere classified,6,faa798a76e5ba0de080c07223afa49cd5645f3145802222ba375e20bfeddd012,software developers,11.0,01932d7b9ff10a67fd4bf641a03b659ba992330b5949ae07ad24be2b3f4ec025,other artistic and cultural associate professionals,20.0,6ebf3c8d63ef6b217bcee69e31f77f3634bbbef1346de27e229c17122974e27b,"handicraft workers in wood, basketry and related materials",14.0,,,,,,,,,,,,,,,,,,,,,,,,,,,,,,
35d2f3d5-67c0-4991-b2b4-2e19bb79efd5,2f03b074cdf9e40b4c72d781c9b026ce64098bd5220bd637d6a88db5ca497d84,accountants,28,0f843da8a813f2f5e52cb411ebf2be3b9b838f2a4e95a3f264103d22caa94f7a,accounting and bookkeeping clerks,6,42f1e9444ee01191b712631bb1db9c12d71154aeb187840bd5587bfea32a9b5b,university and higher education teachers,8.0,317e30160f5b3b7110e7c61c7d449f9043b13294582374438ae62b096c545490,debt-collectors and related workers,51.0,,,,,,,,,,,,,,,,,,,,,,,,,,,,,,,,,
3643c198-34a1-4b9c-bd61-9addc55c0540,65326aa32ab9fbc54ff08bce26de4ffaa644f813b41af1c8c6358c1b707d6c10,managing directors and chief executives,21,2f03b074cdf9e40b4c72d781c9b026ce64098bd5220bd637d6a88db5ca497d84,information and communications technology user support technicians,12,2834b4e212fc6f1ffaff745ec8efb38df9e704730c47ec43444a3216d3d9ef9d,systems administrators,12.0,,,,,,,,,,,,,,,,,,,,,,,,,,,,,,,,,,,,
36472d15-4bc3-4528-801d-0f1ca11cad2b,80daf15e57af2a318ecfba9b83746a6a165a3694fdaad25e56b1f0878ac8e2f6,"supply, distribution and related managers",4,6a62362c11e91c9f8205c47bbb30833a257c979f663b9a73d3c814ce228fe3dd,policy administration professionals,13,943c3eeb252dbd176df2295566dad51a65ddc81165de0df9873a4ae9f7bf09bd,software developers,16.0,22fbbde69880a46530ecb02365dc07d3ddbc19aa8558f432b4728bb663d44f71,software developers,23.0,bcab88fbaadbd5bd0f1a67d54e4e1738fbc9ff9850bcb4e0911421a4b6ece901,software developers,16.0,2834b4e212fc6f1ffaff745ec8efb38df9e704730c47ec43444a3216d3d9ef9d,software developers,22.0,,,,,,,,,,,,,,,,,,,,,,,,,,,
36faf120-c607-493a-8de1-05f538517d42,db9bed63cd62be6f80ec30bcfa8ec501a7594838e65cb76f76785b3d1c42d31a,managing directors and chief executives,58,d73d8e04a1757cc262ac8be66ca97a4929b9e5f53d4da90733ceb53bbb1e0eb1,credit and loans officers,82,2f03b074cdf9e40b4c72d781c9b026ce64098bd5220bd637d6a88db5ca497d84,home-based personal care workers,28.0,0ae8ac2f0868fb61b0356cca869065dad6faf548392078438538a73cf13e4073,mining and metallurgical technicians,48.0,,,,,,,,,,,,,,,,,,,,,,,,,,,,,,,,,
3711c8b7-01c5-4350-963e-2cdabdaf667a,2f03b074cdf9e40b4c72d781c9b026ce64098bd5220bd637d6a88db5ca497d84,managing directors and chief executives,115,317e30160f5b3b7110e7c61c7d449f9043b13294582374438ae62b096c545490,commercial sales representatives,16,317e30160f5b3b7110e7c61c7d449f9043b13294582374438ae62b096c545490,accountants,15.0,,,,,,,,,,,,,,,,,,,,,,,,,,,,,,,,,,,,
37939436-0ae7-4409-a6cb-2b049929e49e,2f03b074cdf9e40b4c72d781c9b026ce64098bd5220bd637d6a88db5ca497d84,information and communications technology user support technicians,14,2f03b074cdf9e40b4c72d781c9b026ce64098bd5220bd637d6a88db5ca497d84,information and communications technology user support technicians,38,d7c7e2cad9f2ad0446d981cfa6ee6d5b9e238f4220978c1cc766228a1f0b25d0,software and applications developers and analysts not elsewhere classified,1.0,,,,,,,,,,,,,,,,,,,,,,,,,,,,,,,,,,,,
37e33163-c178-4167-9299-93e1756d1db5,b55e1037cf055af8d80a24ffab1c69ccf228ec5161d0751c307c6320520f01d2,civil engineers,58,71b478213e0e58ee0cb1c81d2b3cebf66a6ac5bb3e440418fa7471166f902cbb,software and applications developers and analysts not elsewhere classified,14,2df7b03d1a69954fb50f04b36fa17b173823820b0a04719e751aacbbb0d34ec4,software and applications developers and analysts not elsewhere classified,7.0,2df7b03d1a69954fb50f04b36fa17b173823820b0a04719e751aacbbb0d34ec4,software and applications developers and analysts not elsewhere classified,2.0,6b6a2cb8a4a836ede631b846a24048df0d42842da5c53cfcf6c29c778acdd7b1,software and applications developers and analysts not elsewhere classified,11.0,18640e38f277a2b6ecbd7db448ed0147f162a291f681b473a627f269fd979811,software and applications developers and analysts not elsewhere classified,14.0,71b478213e0e58ee0cb1c81d2b3cebf66a6ac5bb3e440418fa7471166f902cbb,freight handlers,15.0,074836f99e3539947da643a67938ba89c1c93d991bc7f2912e21396db418c71f,software and applications developers and analysts not elsewhere classified,4.0,71b478213e0e58ee0cb1c81d2b3cebf66a6ac5bb3e440418fa7471166f902cbb,systems administrators,8.0,71b478213e0e58ee0cb1c81d2b3cebf66a6ac5bb3e440418fa7471166f902cbb,freight handlers,8.0,71b478213e0e58ee0cb1c81d2b3cebf66a6ac5bb3e440418fa7471166f902cbb,survey and market research interviewers,2.0,71b478213e0e58ee0cb1c81d2b3cebf66a6ac5bb3e440418fa7471166f902cbb,physical and engineering science technicians not elsewhere classified,19.0,7a3fcced83a24828ee8e4ae2024a0348b928df22cb3070a4de229a3a8a3777e9,software and applications developers and analysts not elsewhere classified,4.0,71b478213e0e58ee0cb1c81d2b3cebf66a6ac5bb3e440418fa7471166f902cbb,electronics engineering technicians,7.0,71b478213e0e58ee0cb1c81d2b3cebf66a6ac5bb3e440418fa7471166f902cbb,database designers and administrators,8.0
382bc59a-470d-43b2-b902-e34d47c35037,13c68dbf1b047ca07d1f52a4862d974c72920cb13b0905a4382e5d3c1fc3961c,"musicians, singers and composers",8,317e30160f5b3b7110e7c61c7d449f9043b13294582374438ae62b096c545490,pharmacists,107,d9a50552a03a374de62b0d5a42b8cff7854b3e1bc30b1636809ed16c90baf16c,management and organisation analysts,8.0,14787f65dd64c70ebd8f1e1ef3a1102a99179374e42d836b1690ee63d673ffca,securities and finance dealers and brokers,13.0,b40041695615258b5715d0ea5957e786816f9bf6143a144372c7e16acbcfdee4,economists,15.0,33b38b3c99b1d16fa226ea8fe2a1ddf3c5b6aac7acd3985a5bba5da0efd4e4a4,software and applications developers and analysts not elsewhere classified,11.0,,,,,,,,,,,,,,,,,,,,,,,,,,,
385882ed-97a3-4a25-b859-f2661b15c9a7,cb8173dea6cae9b1e4d3b26aa8033a8248448ce1238c8d4422e1b3d09d6a2321,securities and finance dealers and brokers,26,1b9bb9957dbbe8fcdb63a10b1d6755d30364518b9dfd96cd5da3b56118392fa4,university and higher education teachers,12,e8ac78a869f2273183a04535215e6157cc2be0184040b9246832acb2add09d6d,shoemaking and related machine operators,27.0,4390df4d2affc90499c2948eb58952da7dc6ff506a90076897fc3cb4cf196091,financial analysts,15.0,cbc62794911ff31b2864ecd3dbbbee7ebcb7ea41c5a42e2cba377f3cfdb42811,economists,26.0,,,,,,,,,,,,,,,,,,,,,,,,,,,,,,
39cfdfe3-57ea-46c9-a8b1-207cab2decd1,0c9995426ed94d5691e5295d97d87e67641e4107c54570da8722111da73126cc,survey and market research interviewers,49,f290964e29a467020ed3c821abd40d53875928cb930f9be3086bb1733816bbc7,systems analysts,9,,,,,,,,,,,,,,,,,,,,,,,,,,,,,,,,,,,,,,,
3a12aa4f-aea8-44d8-9423-d690e79106ac,0e073a66ac24cdc352f2bc92a25740bb5847f0dc1deccbef6ef499ecbfc7605f,managing directors and chief executives,18,916a98f0fa2a39af1a736b1a3744cb655dc8638a6953e2fb13e39934ab60d55a,social welfare managers,11,2f03b074cdf9e40b4c72d781c9b026ce64098bd5220bd637d6a88db5ca497d84,professional services managers not elsewhere classified,37.0,,,,,,,,,,,,,,,,,,,,,,,,,,,,,,,,,,,,
3acb6784-bedc-496c-96f1-58f551ea47ef,b40041695615258b5715d0ea5957e786816f9bf6143a144372c7e16acbcfdee4,business services agents not elsewhere classified,1,cb571403f03f2568c5b737f55fcd292a2c7245c6ee832d08fbedb5c6b2412ebd,engineering professionals not elsewhere classified,9,2834b4e212fc6f1ffaff745ec8efb38df9e704730c47ec43444a3216d3d9ef9d,software developers,10.0,359dc71d4a02e7de676939ad3329a6fdbceb61c9174b053dd98112d3fdb3d1ab,engineering professionals not elsewhere classified,13.0,8241ba929108857ae563281c74687c54dc92bf96604462acd49b7bfa8620ee29,engineering professionals not elsewhere classified,30.0,f43d0727cfb6bf30ae126fdc253f1972ecfc8d6ff5e5c6338e85fef56c41f023,engineering professionals not elsewhere classified,32.0,,,,,,,,,,,,,,,,,,,,,,,,,,,
3cd51b7a-013b-49b6-8b81-3e48758d2805,1375576f05ad074d671f59cd4b8ef8be3788deffa6d65c8099622c008a785ad9,software and applications developers and analysts not elsewhere classified,90,2f03b074cdf9e40b4c72d781c9b026ce64098bd5220bd637d6a88db5ca497d84,financial analysts,17,b5ef063dc9f9104e380b55b8fc5e47e23c19db9eb2b3a24d12e2fc0c73ea8531,information and communications technology user support technicians,12.0,317e30160f5b3b7110e7c61c7d449f9043b13294582374438ae62b096c545490,information and communications technology user support technicians,3.0,,,,,,,,,,,,,,,,,,,,,,,,,,,,,,,,,
3da399f7-4301-4413-82ca-c3f420b80132,317e30160f5b3b7110e7c61c7d449f9043b13294582374438ae62b096c545490,manufacturing supervisors,92,2834b4e212fc6f1ffaff745ec8efb38df9e704730c47ec43444a3216d3d9ef9d,financial and investment advisers,8,,,,,,,,,,,,,,,,,,,,,,,,,,,,,,,,,,,,,,,
3dec4def-8ce6-436b-8c6e-839fdf0ebe51,317e30160f5b3b7110e7c61c7d449f9043b13294582374438ae62b096c545490,software developers,21,2834b4e212fc6f1ffaff745ec8efb38df9e704730c47ec43444a3216d3d9ef9d,software developers,8,,,,,,,,,,,,,,,,,,,,,,,,,,,,,,,,,,,,,,,
3e281d66-bacf-4d26-84b7-2a9c8ab75c3d,f43d0727cfb6bf30ae126fdc253f1972ecfc8d6ff5e5c6338e85fef56c41f023,university and higher education teachers,37,a8e8785bc584108773fbb5d5cc42ff8e2363ddd190e3c490352a61c35948c716,food and related products machine operators,16,2f03b074cdf9e40b4c72d781c9b026ce64098bd5220bd637d6a88db5ca497d84,legal professionals not elsewhere classified,17.0,,,,,,,,,,,,,,,,,,,,,,,,,,,,,,,,,,,,
3eaaaae0-9d2d-4970-8973-ed5fe6c1453a,22fbbde69880a46530ecb02365dc07d3ddbc19aa8558f432b4728bb663d44f71,medical records and health information technicians,62,0c47a164fe65544785e928e9daafc5968e397bf7acb8de624d42d86823dd9cbe,accountants,31,d4957970ceb6e12e89e8a29664e7e0bd920fb2c9a4cc26582fe1b31a9b560ca4,interior designers and decorators,21.0,42f1e9444ee01191b712631bb1db9c12d71154aeb187840bd5587bfea32a9b5b,business services agents not elsewhere classified,37.0,2dd050652cf0b7eaf6df24f8245d0d3d36ac15c4d1366ff494c642846a9517c4,electrical engineers,36.0,,,,,,,,,,,,,,,,,,,,,,,,,,,,,,
3eba9898-7ffa-4a8e-be0e-0abebef4e108,2f03b074cdf9e40b4c72d781c9b026ce64098bd5220bd637d6a88db5ca497d84,management and organisation analysts,26,2f03b074cdf9e40b4c72d781c9b026ce64098bd5220bd637d6a88db5ca497d84,accounting associate professionals,17,2f03b074cdf9e40b4c72d781c9b026ce64098bd5220bd637d6a88db5ca497d84,accountants,14.0,,,,,,,,,,,,,,,,,,,,,,,,,,,,,,,,,,,,
4160b75e-0c1b-433d-8b1f-706d31dc7294,2f03b074cdf9e40b4c72d781c9b026ce64098bd5220bd637d6a88db5ca497d84,economists,7,24758a8d2560a078407f24035512857a14ddaac1d0888d14e1c4ea7ec72c4274,"sociologists, anthropologists and related professionals",12,,,,,,,,,,,,,,,,,,,,,,,,,,,,,,,,,,,,,,,
42680b54-4cd9-4acd-b077-1ae950c8e5f8,bcab88fbaadbd5bd0f1a67d54e4e1738fbc9ff9850bcb4e0911421a4b6ece901,electronics engineers,1,2f03b074cdf9e40b4c72d781c9b026ce64098bd5220bd637d6a88db5ca497d84,"statistical, finance and insurance clerks",17,8704459710685763d4030223dd13c14fb0da9b915ba7517836c48f12e3244a63,"armed forces occupations, other ranks",8.0,,,,,,,,,,,,,,,,,,,,,,,,,,,,,,,,,,,,
42b4cb93-6693-4153-9e7d-7ec1f9359c00,8d875be741664c2ae101e9e2f4efb8fe0c9d6bab982ce0d3b49b59760c0aa557,"statistical, mathematical and related associate professionals",8,8d875be741664c2ae101e9e2f4efb8fe0c9d6bab982ce0d3b49b59760c0aa557,"statistical, mathematical and related associate professionals",22,81ff79b551b1e11401723c23d8f57d6bc638aafbcb5f82043781152eb3715c5c,managing directors and chief executives,3.0,,,,,,,,,,,,,,,,,,,,,,,,,,,,,,,,,,,,
4364379c-3eea-48aa-8d59-3d2a1dc927b7,2f03b074cdf9e40b4c72d781c9b026ce64098bd5220bd637d6a88db5ca497d84,finance managers,99,2834b4e212fc6f1ffaff745ec8efb38df9e704730c47ec43444a3216d3d9ef9d,accounting and bookkeeping clerks,4,f6890cfc471b933a9519c3fd5a88e81f0c4e8205b13983d0122600fd4d578310,"statistical, finance and insurance clerks",5.0,,,,,,,,,,,,,,,,,,,,,,,,,,,,,,,,,,,,
43f64446-6070-46af-a007-c1d58e89a301,2f03b074cdf9e40b4c72d781c9b026ce64098bd5220bd637d6a88db5ca497d84,clearing and forwarding agents,30,317e30160f5b3b7110e7c61c7d449f9043b13294582374438ae62b096c545490,business services and administration managers not elsewhere classified,24,317e30160f5b3b7110e7c61c7d449f9043b13294582374438ae62b096c545490,financial and investment advisers,12.0,,,,,,,,,,,,,,,,,,,,,,,,,,,,,,,,,,,,
4402da5c-6325-477f-98b0-b6864f816396,317e30160f5b3b7110e7c61c7d449f9043b13294582374438ae62b096c545490,business services agents not elsewhere classified,26,2f03b074cdf9e40b4c72d781c9b026ce64098bd5220bd637d6a88db5ca497d84,engineering professionals not elsewhere classified,20,2f03b074cdf9e40b4c72d781c9b026ce64098bd5220bd637d6a88db5ca497d84,software developers,11.0,33b38b3c99b1d16fa226ea8fe2a1ddf3c5b6aac7acd3985a5bba5da0efd4e4a4,engineering professionals not elsewhere classified,15.0,,,,,,,,,,,,,,,,,,,,,,,,,,,,,,,,,
44f7e697-8304-47d7-9790-243d13bdef4e,2834b4e212fc6f1ffaff745ec8efb38df9e704730c47ec43444a3216d3d9ef9d,economists,24,dc58f69cdf6f6e2f0db6692ea155d981b35ee858d71e79c29a32de2dd9b2ffff,economists,9,ebccd80797e10d56166ac7819b76b76600997401a9a891e9dda1c7c1b183aebf,economists,27.0,faa798a76e5ba0de080c07223afa49cd5645f3145802222ba375e20bfeddd012,economists,25.0,2f03b074cdf9e40b4c72d781c9b026ce64098bd5220bd637d6a88db5ca497d84,economists,30.0,,,,,,,,,,,,,,,,,,,,,,,,,,,,,,
4a18eef4-51b5-4602-9eb9-acbf535938a8,93969d193161ae6fbd17b30055a9ed9789cb4bd80a7df0c6df15d3dd98fd7591,systems administrators,83,916a98f0fa2a39af1a736b1a3744cb655dc8638a6953e2fb13e39934ab60d55a,systems administrators,23,2ef1ffd1f5d9bd2cf5cc76cf4508963e4657ae0908d12ae2f834d855a376c268,meteorologists,17.0,413bb748aa81d7b73257fd857e945f60bd392c5fa8618bcd9b9129ed36b04a1a,systems administrators,32.0,,,,,,,,,,,,,,,,,,,,,,,,,,,,,,,,,
4a9ee865-3599-4697-a8a1-11193af90ab2,ec3ec378fe002ca5d88063e6c91f01f45b535ca4c6e41d4e914fe6d7009c8d71,systems analysts,8,5528a266f145e52b1909113269d53b17369dfa495d541628c661029da13e9237,medical records and health information technicians,7,4dfaa6fee3707aecca3701971391feaeec77a1516cae59bb8b7d185984f52ab5,engineering professionals not elsewhere classified,26.0,2834b4e212fc6f1ffaff745ec8efb38df9e704730c47ec43444a3216d3d9ef9d,engineering professionals not elsewhere classified,33.0,,,,,,,,,,,,,,,,,,,,,,,,,,,,,,,,,
4cb84f9b-c5d5-47db-b86e-3e5e4632b81d,9d44b649c5e2d4f19afaedf4bd485e7866d3fc4b93b64049779b2fb183bfd06e,civil engineers,19,b5ef063dc9f9104e380b55b8fc5e47e23c19db9eb2b3a24d12e2fc0c73ea8531,university and higher education teachers,15,317e30160f5b3b7110e7c61c7d449f9043b13294582374438ae62b096c545490,civil engineers,5.0,33b38b3c99b1d16fa226ea8fe2a1ddf3c5b6aac7acd3985a5bba5da0efd4e4a4,civil engineers,7.0,d9a50552a03a374de62b0d5a42b8cff7854b3e1bc30b1636809ed16c90baf16c,civil engineers,20.0,f6890cfc471b933a9519c3fd5a88e81f0c4e8205b13983d0122600fd4d578310,electrical mechanics and fitters,8.0,6a35d21276593a84846742b94e34eea486601eb88bc12576434d1b5050e2d309,authors and related writers,3.0,72145481dada2258df9d817e6baf228c1c5d700e31f928c07e08c2434c8fdc25,business services and administration managers not elsewhere classified,102.0,,,,,,,,,,,,,,,,,,,,,
4cba4074-c77c-4fbe-a0c2-12e03fac8329,f6890cfc471b933a9519c3fd5a88e81f0c4e8205b13983d0122600fd4d578310,personnel and careers professionals,10,2f03b074cdf9e40b4c72d781c9b026ce64098bd5220bd637d6a88db5ca497d84,personnel and careers professionals,10,,,,,,,,,,,,,,,,,,,,,,,,,,,,,,,,,,,,,,,
4e965ebe-7c05-44e4-ab2a-b462eec7e030,65326aa32ab9fbc54ff08bce26de4ffaa644f813b41af1c8c6358c1b707d6c10,accountants,36,8afc8c5ce5baa02e1099bbfb24e8eada7fb99fe6c799f0f5bb0191e515268e36,accountants,25,,,,,,,,,,,,,,,,,,,,,,,,,,,,,,,,,,,,,,,
4f4ba539-fe80-44ac-95ef-8844d52b3693,2f03b074cdf9e40b4c72d781c9b026ce64098bd5220bd637d6a88db5ca497d84,software developers,24,2f03b074cdf9e40b4c72d781c9b026ce64098bd5220bd637d6a88db5ca497d84,engineering professionals not elsewhere classified,19,,,,,,,,,,,,,,,,,,,,,,,,,,,,,,,,,,,,,,,
4ffaf432-a323-498a-8535-21207d44e4e9,2834b4e212fc6f1ffaff745ec8efb38df9e704730c47ec43444a3216d3d9ef9d,administrative and executive secretaries,44,1b9bb9957dbbe8fcdb63a10b1d6755d30364518b9dfd96cd5da3b56118392fa4,physical and engineering science technicians not elsewhere classified,14,f290964e29a467020ed3c821abd40d53875928cb930f9be3086bb1733816bbc7,software developers,4.0,317e30160f5b3b7110e7c61c7d449f9043b13294582374438ae62b096c545490,software developers,10.0,311ff2d71234e230eb559f843c1f5c548302246a365221713da47017e656e672,software and applications developers and analysts not elsewhere classified,9.0,b55e1037cf055af8d80a24ffab1c69ccf228ec5161d0751c307c6320520f01d2,web and multimedia developers,18.0,e8ac78a869f2273183a04535215e6157cc2be0184040b9246832acb2add09d6d,"supply, distribution and related managers",17.0,,,,,,,,,,,,,,,,,,,,,,,,
526731fb-8057-47ac-900e-5920046efe0a,ec3ec378fe002ca5d88063e6c91f01f45b535ca4c6e41d4e914fe6d7009c8d71,financial analysts,24,4dfaa6fee3707aecca3701971391feaeec77a1516cae59bb8b7d185984f52ab5,financial analysts,11,48f417a73c275dd17b4b5b96c28fafd3304c188277cce42acfe487f81f4d1012,accounting and bookkeeping clerks,12.0,,,,,,,,,,,,,,,,,,,,,,,,,,,,,,,,,,,,
52a2f5da-9d11-4c3f-b6fc-4e93c5eddc29,2f03b074cdf9e40b4c72d781c9b026ce64098bd5220bd637d6a88db5ca497d84,accounting associate professionals,8,2f03b074cdf9e40b4c72d781c9b026ce64098bd5220bd637d6a88db5ca497d84,real estate agents and property managers,24,,,,,,,,,,,,,,,,,,,,,,,,,,,,,,,,,,,,,,,
53606b46-7a92-4da6-a365-ef33ac2cc68e,2f03b074cdf9e40b4c72d781c9b026ce64098bd5220bd637d6a88db5ca497d84,electrical engineers,15,2f03b074cdf9e40b4c72d781c9b026ce64098bd5220bd637d6a88db5ca497d84,commercial sales representatives,10,e8ac78a869f2273183a04535215e6157cc2be0184040b9246832acb2add09d6d,commercial sales representatives,10.0,,,,,,,,,,,,,,,,,,,,,,,,,,,,,,,,,,,,
5408193b-8c55-4357-85b4-c0eb8bcef505,2834b4e212fc6f1ffaff745ec8efb38df9e704730c47ec43444a3216d3d9ef9d,financial analysts,31,33b38b3c99b1d16fa226ea8fe2a1ddf3c5b6aac7acd3985a5bba5da0efd4e4a4,"mining engineers, metallurgists and related professionals",24,,,,,,,,,,,,,,,,,,,,,,,,,,,,,,,,,,,,,,,
5725f6a1-9685-46cc-949d-bf06c1db65a2,0c9995426ed94d5691e5295d97d87e67641e4107c54570da8722111da73126cc,teaching professionals not elsewhere classified,16,2834b4e212fc6f1ffaff745ec8efb38df9e704730c47ec43444a3216d3d9ef9d,policy administration professionals,26,,,,,,,,,,,,,,,,,,,,,,,,,,,,,,,,,,,,,,,
57706c12-f8eb-4ff6-834c-1f9c803bbb04,db9bed63cd62be6f80ec30bcfa8ec501a7594838e65cb76f76785b3d1c42d31a,"biologists, botanists, zoologists and related professionals",14,2f03b074cdf9e40b4c72d781c9b026ce64098bd5220bd637d6a88db5ca497d84,medical records and health information technicians,10,,,,,,,,,,,,,,,,,,,,,,,,,,,,,,,,,,,,,,,
5812486d-466e-4673-a6ff-a6ce164bba2c,d9a50552a03a374de62b0d5a42b8cff7854b3e1bc30b1636809ed16c90baf16c,"supply, distribution and related managers",11,f290964e29a467020ed3c821abd40d53875928cb930f9be3086bb1733816bbc7,credit and loans officers,15,b40041695615258b5715d0ea5957e786816f9bf6143a144372c7e16acbcfdee4,bank tellers and related clerks,11.0,72145481dada2258df9d817e6baf228c1c5d700e31f928c07e08c2434c8fdc25,administrative and executive secretaries,8.0,317e30160f5b3b7110e7c61c7d449f9043b13294582374438ae62b096c545490,software and applications developers and analysts not elsewhere classified,24.0,ce749e840dcada0f9196edd49327ae5b3ab16f1d0405e72c1cb7d62b04538a42,other artistic and cultural associate professionals,29.0,,,,,,,,,,,,,,,,,,,,,,,,,,,
58271c0e-c23e-463c-a820-f2009f67146c,42f1e9444ee01191b712631bb1db9c12d71154aeb187840bd5587bfea32a9b5b,accounting and bookkeeping clerks,8,2f03b074cdf9e40b4c72d781c9b026ce64098bd5220bd637d6a88db5ca497d84,administrative and executive secretaries,32,,,,,,,,,,,,,,,,,,,,,,,,,,,,,,,,,,,,,,,
5886b709-0385-495d-96fb-5a645a1c0467,413bb748aa81d7b73257fd857e945f60bd392c5fa8618bcd9b9129ed36b04a1a,"announcers on radio, television and other media",12,ab877737b6081bd1adaf7cae0f5d18f34c5a8523e399bd672e0f80de2b95a502,"translators, interpreters and other linguists",16,317e30160f5b3b7110e7c61c7d449f9043b13294582374438ae62b096c545490,teaching professionals not elsewhere classified,7.0,2834b4e212fc6f1ffaff745ec8efb38df9e704730c47ec43444a3216d3d9ef9d,teaching professionals not elsewhere classified,15.0,,,,,,,,,,,,,,,,,,,,,,,,,,,,,,,,,
597c7941-6867-4a11-92c9-c166e82cc5ed,2f03b074cdf9e40b4c72d781c9b026ce64098bd5220bd637d6a88db5ca497d84,securities and finance dealers and brokers,21,982dc8af9a41efad1c50f2a47e523532d24724c05aaf420f894a7bbaa09f2b25,policy and planning managers,21,0cdb23abe4f4a0266f559758c73f664e58fed139b2517e72854e9e515d9bba56,systems analysts,26.0,a3edca4169a5ff0ebf1e05256eba0178d6f0bcc5da4a801016574ff11c5c9673,economists,19.0,,,,,,,,,,,,,,,,,,,,,,,,,,,,,,,,,
59fe9266-b51e-402f-8b77-f5cb06388ccc,b5ef063dc9f9104e380b55b8fc5e47e23c19db9eb2b3a24d12e2fc0c73ea8531,accounting and bookkeeping clerks,17,2f03b074cdf9e40b4c72d781c9b026ce64098bd5220bd637d6a88db5ca497d84,advertising and marketing professionals,37,b5ef063dc9f9104e380b55b8fc5e47e23c19db9eb2b3a24d12e2fc0c73ea8531,accounting and bookkeeping clerks,13.0,1375576f05ad074d671f59cd4b8ef8be3788deffa6d65c8099622c008a785ad9,physical and engineering science technicians not elsewhere classified,10.0,,,,,,,,,,,,,,,,,,,,,,,,,,,,,,,,,
5a3482a9-e90b-4289-9fe4-cec9a402f7d6,bee4f75d30e5aa6bd3a7013cf048af6f312c3024188527c6296013116493fa7f,real estate agents and property managers,4,2f03b074cdf9e40b4c72d781c9b026ce64098bd5220bd637d6a88db5ca497d84,technical and medical sales professionals (excluding ict),16,8afc8c5ce5baa02e1099bbfb24e8eada7fb99fe6c799f0f5bb0191e515268e36,policy administration professionals,27.0,,,,,,,,,,,,,,,,,,,,,,,,,,,,,,,,,,,,
5a8a8e58-df72-4aa2-8820-08493408f75b,2f03b074cdf9e40b4c72d781c9b026ce64098bd5220bd637d6a88db5ca497d84,assemblers not elsewhere classified,15,2834b4e212fc6f1ffaff745ec8efb38df9e704730c47ec43444a3216d3d9ef9d,food and related products machine operators,11,,,,,,,,,,,,,,,,,,,,,,,,,,,,,,,,,,,,,,,
5bd62c0f-476e-4af5-858b-ef501b01941e,2f03b074cdf9e40b4c72d781c9b026ce64098bd5220bd637d6a88db5ca497d84,"handicraft workers in wood, basketry and related materials",12,2f03b074cdf9e40b4c72d781c9b026ce64098bd5220bd637d6a88db5ca497d84,electrical engineers,10,2f03b074cdf9e40b4c72d781c9b026ce64098bd5220bd637d6a88db5ca497d84,information and communications technology user support technicians,28.0,,,,,,,,,,,,,,,,,,,,,,,,,,,,,,,,,,,,
5c7b2769-d68e-415d-bb9e-fb8050256f94,e8ac78a869f2273183a04535215e6157cc2be0184040b9246832acb2add09d6d,engineering professionals not elsewhere classified,24,e8ac78a869f2273183a04535215e6157cc2be0184040b9246832acb2add09d6d,engineering professionals not elsewhere classified,20,,,,,,,,,,,,,,,,,,,,,,,,,,,,,,,,,,,,,,,
5c86996d-9fbe-44d1-9d44-77a947f04d9a,bee4f75d30e5aa6bd3a7013cf048af6f312c3024188527c6296013116493fa7f,public relations professionals,1,f31639a23c7440153fe07af3ef6833aa900064c4df50fb23a1739797dde073ea,public relations professionals,7,5ac20c74a37a4d77a0251f57b9ae9835d828ec70490d8b7fb4b3a99967c93497,public relations professionals,12.0,0f843da8a813f2f5e52cb411ebf2be3b9b838f2a4e95a3f264103d22caa94f7a,applications programmers,10.0,71775d8a732778faa7e7e012a23943ecf3093478da242296fe194fcc76e66b0b,software developers,13.0,074836f99e3539947da643a67938ba89c1c93d991bc7f2912e21396db418c71f,software developers,20.0,f6890cfc471b933a9519c3fd5a88e81f0c4e8205b13983d0122600fd4d578310,software developers,27.0,,,,,,,,,,,,,,,,,,,,,,,,
5cc96a5e-9c7b-4995-a4ba-2ea4281fbfb6,1530f536a21cb57824309647d814e5b75cd2d80b1d08b29a67aac2a365961ebc,personnel and careers professionals,18,75e07ef9bcaa8fd530089f7d81a3da7eda54a1cae0ebf0dbc72d0657deea2ae7,managing directors and chief executives,55,,,,,,,,,,,,,,,,,,,,,,,,,,,,,,,,,,,,,,,
5d461266-25f0-4719-ac36-fbe2cfcb9b64,33b38b3c99b1d16fa226ea8fe2a1ddf3c5b6aac7acd3985a5bba5da0efd4e4a4,pawnbrokers and money-lenders,81,33b38b3c99b1d16fa226ea8fe2a1ddf3c5b6aac7acd3985a5bba5da0efd4e4a4,technical and medical sales professionals (excluding ict),74,01932d7b9ff10a67fd4bf641a03b659ba992330b5949ae07ad24be2b3f4ec025,accounting associate professionals,7.0,,,,,,,,,,,,,,,,,,,,,,,,,,,,,,,,,,,,
5d766f9e-2869-4ace-9712-bfbe8efd88c6,2f03b074cdf9e40b4c72d781c9b026ce64098bd5220bd637d6a88db5ca497d84,"statistical, finance and insurance clerks",27,42f1e9444ee01191b712631bb1db9c12d71154aeb187840bd5587bfea32a9b5b,"metal finishing, plating and coating machine operators",22,,,,,,,,,,,,,,,,,,,,,,,,,,,,,,,,,,,,,,,
5eade663-09db-43e5-b769-67976504b66a,b5ef063dc9f9104e380b55b8fc5e47e23c19db9eb2b3a24d12e2fc0c73ea8531,retail and wholesale trade managers,103,2f03b074cdf9e40b4c72d781c9b026ce64098bd5220bd637d6a88db5ca497d84,sales and marketing managers,10,2834b4e212fc6f1ffaff745ec8efb38df9e704730c47ec43444a3216d3d9ef9d,university and higher education teachers,10.0,65326aa32ab9fbc54ff08bce26de4ffaa644f813b41af1c8c6358c1b707d6c10,technical and medical sales professionals (excluding ict),9.0,,,,,,,,,,,,,,,,,,,,,,,,,,,,,,,,,
619b2988-ffb3-4916-ab84-52b28482aac2,2f03b074cdf9e40b4c72d781c9b026ce64098bd5220bd637d6a88db5ca497d84,"handicraft workers in wood, basketry and related materials",14,317e30160f5b3b7110e7c61c7d449f9043b13294582374438ae62b096c545490,pre-press technicians,10,ecd362a9f7de6d0e30f24ee9efe847d96918bdc11202398fe7d4c9828e73f373,pre-press technicians,26.0,da0246b438330185e5afab11b32151fafd561eea57de8c0c48b20ec0917446f8,"handicraft workers in wood, basketry and related materials",17.0,06c08557f1013bb747efbf0405453fbdeb4b709b6b0954224cb912ea89beeb16,software developers,8.0,3f0c53ab9cdcae152788be5cf7c39b36c94352dc5e41b8ad0f96e7f1e8b2e9f0,software developers,26.0,,,,,,,,,,,,,,,,,,,,,,,,,,,
619d327c-a487-4edb-8327-6ab03f51afb3,4dfaa6fee3707aecca3701971391feaeec77a1516cae59bb8b7d185984f52ab5,buyers,31,4dfaa6fee3707aecca3701971391feaeec77a1516cae59bb8b7d185984f52ab5,managing directors and chief executives,3,317e30160f5b3b7110e7c61c7d449f9043b13294582374438ae62b096c545490,prison guards,2.0,,,,,,,,,,,,,,,,,,,,,,,,,,,,,,,,,,,,
621f9f49-eb19-443f-9884-e9e5ca1ca241,317e30160f5b3b7110e7c61c7d449f9043b13294582374438ae62b096c545490,personnel and careers professionals,37,e8ac78a869f2273183a04535215e6157cc2be0184040b9246832acb2add09d6d,information and communications technology service managers,17,2f03b074cdf9e40b4c72d781c9b026ce64098bd5220bd637d6a88db5ca497d84,software and applications developers and analysts not elsewhere classified,43.0,,,,,,,,,,,,,,,,,,,,,,,,,,,,,,,,,,,,
62b0b1e1-01e0-4f5f-9cf7-b072f5fa54a6,2f03b074cdf9e40b4c72d781c9b026ce64098bd5220bd637d6a88db5ca497d84,accounting and bookkeeping clerks,9,b5ef063dc9f9104e380b55b8fc5e47e23c19db9eb2b3a24d12e2fc0c73ea8531,commercial sales representatives,79,,,,,,,,,,,,,,,,,,,,,,,,,,,,,,,,,,,,,,,
638a45e5-5db7-40f8-8fd4-a451f1e4833e,0e073a66ac24cdc352f2bc92a25740bb5847f0dc1deccbef6ef499ecbfc7605f,trade brokers,13,8afc8c5ce5baa02e1099bbfb24e8eada7fb99fe6c799f0f5bb0191e515268e36,accounting and bookkeeping clerks,11,,,,,,,,,,,,,,,,,,,,,,,,,,,,,,,,,,,,,,,
64577fd3-90dd-4ce1-afd5-50ed7910217f,dbe524b562869a4301bb3c4b436471ed148cf54899ed5e340a65c7335d06a7b8,"statistical, finance and insurance clerks",1,dbe524b562869a4301bb3c4b436471ed148cf54899ed5e340a65c7335d06a7b8,"statistical, mathematical and related associate professionals",34,,,,,,,,,,,,,,,,,,,,,,,,,,,,,,,,,,,,,,,
6494e991-abb2-431b-92b4-522e61c9f234,2f03b074cdf9e40b4c72d781c9b026ce64098bd5220bd637d6a88db5ca497d84,personnel and careers professionals,48,317e30160f5b3b7110e7c61c7d449f9043b13294582374438ae62b096c545490,personnel and careers professionals,5,2f03b074cdf9e40b4c72d781c9b026ce64098bd5220bd637d6a88db5ca497d84,personnel and careers professionals,14.0,,,,,,,,,,,,,,,,,,,,,,,,,,,,,,,,,,,,
64aa3f8c-9c1c-4da0-a1c4-96804f2a9a76,2f03b074cdf9e40b4c72d781c9b026ce64098bd5220bd637d6a88db5ca497d84,accounting associate professionals,9,bcab88fbaadbd5bd0f1a67d54e4e1738fbc9ff9850bcb4e0911421a4b6ece901,university and higher education teachers,14,bcab88fbaadbd5bd0f1a67d54e4e1738fbc9ff9850bcb4e0911421a4b6ece901,"musicians, singers and composers",37.0,bcab88fbaadbd5bd0f1a67d54e4e1738fbc9ff9850bcb4e0911421a4b6ece901,economists,34.0,bcab88fbaadbd5bd0f1a67d54e4e1738fbc9ff9850bcb4e0911421a4b6ece901,economists,41.0,,,,,,,,,,,,,,,,,,,,,,,,,,,,,,
67bdd76a-d2d5-4b5d-8ee3-0eb055e7c6f7,2f03b074cdf9e40b4c72d781c9b026ce64098bd5220bd637d6a88db5ca497d84,economists,41,b5ef063dc9f9104e380b55b8fc5e47e23c19db9eb2b3a24d12e2fc0c73ea8531,food and related products machine operators,9,0033fde84fc017730d10d125e60b6eaace90ef5ca31a7e707ecb27faa8742ba7,economists,28.0,5df2e84883537d6980cf28bbcdd63e498a45dfcbf532c12581be74265a6d5283,"mathematicians, actuaries and statisticians",13.0,,,,,,,,,,,,,,,,,,,,,,,,,,,,,,,,,
689be2a9-edd9-45ad-ae27-97492827ad7a,2be03a028e647eb106bd126c8de42b09a848d772ec067d6d321e9b22677f29d1,software developers,11,2f03b074cdf9e40b4c72d781c9b026ce64098bd5220bd637d6a88db5ca497d84,software developers,32,,,,,,,,,,,,,,,,,,,,,,,,,,,,,,,,,,,,,,,
6995779f-f6fc-428a-ac2e-b3fc4d1198c5,4e8c67d62118bf11a835ab4a0363ffa25e82f1703a4686c03620c6399e7a88ac,information and communications technology user support technicians,13,49cb34e27fc75301ab83ddc594153cbc93ba4f3efdbd8fb09545b725cf742301,information and communications technology user support technicians,9,faa798a76e5ba0de080c07223afa49cd5645f3145802222ba375e20bfeddd012,protective services workers not elsewhere classified,1.0,7d39651bcf1c0b20af2ff02eb93096e4d0630c8cabac0b67ffdbce8d5a5fbfb7,managing directors and chief executives,11.0,,,,,,,,,,,,,,,,,,,,,,,,,,,,,,,,,
6ac65206-d0d9-47fb-9982-8ea2a661eeec,2f03b074cdf9e40b4c72d781c9b026ce64098bd5220bd637d6a88db5ca497d84,trade brokers,101,dbb8160fcd54d2e8d017f56dbb4785507629718cbe99a90e41d9f14920a39a7e,financial and investment advisers,16,,,,,,,,,,,,,,,,,,,,,,,,,,,,,,,,,,,,,,,
6aeadbc9-d0cc-42a2-9653-3552b200c356,2834b4e212fc6f1ffaff745ec8efb38df9e704730c47ec43444a3216d3d9ef9d,shop sales assistants,16,2f03b074cdf9e40b4c72d781c9b026ce64098bd5220bd637d6a88db5ca497d84,manufacturing labourers not elsewhere classified,3,2f03b074cdf9e40b4c72d781c9b026ce64098bd5220bd637d6a88db5ca497d84,legal professionals not elsewhere classified,12.0,,,,,,,,,,,,,,,,,,,,,,,,,,,,,,,,,,,,
6c5f9fe1-05cf-4c92-a728-d079bc03804d,33b38b3c99b1d16fa226ea8fe2a1ddf3c5b6aac7acd3985a5bba5da0efd4e4a4,"supply, distribution and related managers",7,8afc8c5ce5baa02e1099bbfb24e8eada7fb99fe6c799f0f5bb0191e515268e36,"supply, distribution and related managers",16,2f03b074cdf9e40b4c72d781c9b026ce64098bd5220bd637d6a88db5ca497d84,"supply, distribution and related managers",18.0,a5a4b0121e5d877c176d5f7a4e0e99231d13a3b90d9bfe6d6d9478880f312bb1,software developers,16.0,22fbbde69880a46530ecb02365dc07d3ddbc19aa8558f432b4728bb663d44f71,software developers,14.0,bee4f75d30e5aa6bd3a7013cf048af6f312c3024188527c6296013116493fa7f,"handicraft workers in wood, basketry and related materials",16.0,,,,,,,,,,,,,,,,,,,,,,,,,,,
6cb1ca6c-a5e7-4911-bcfe-0990fce751bb,2834b4e212fc6f1ffaff745ec8efb38df9e704730c47ec43444a3216d3d9ef9d,managing directors and chief executives,5,2834b4e212fc6f1ffaff745ec8efb38df9e704730c47ec43444a3216d3d9ef9d,commercial sales representatives,5,2f03b074cdf9e40b4c72d781c9b026ce64098bd5220bd637d6a88db5ca497d84,policy administration professionals,56.0,,,,,,,,,,,,,,,,,,,,,,,,,,,,,,,,,,,,
6e25863c-caa4-4ccd-8b3e-ae52178cf040,33b38b3c99b1d16fa226ea8fe2a1ddf3c5b6aac7acd3985a5bba5da0efd4e4a4,systems administrators,27,317e30160f5b3b7110e7c61c7d449f9043b13294582374438ae62b096c545490,information and communications technology user support technicians,17,33b38b3c99b1d16fa226ea8fe2a1ddf3c5b6aac7acd3985a5bba5da0efd4e4a4,information and communications technology user support technicians,14.0,,,,,,,,,,,,,,,,,,,,,,,,,,,,,,,,,,,,
6ea2777a-6ac0-4556-87dd-fa793cf9544c,311ff2d71234e230eb559f843c1f5c548302246a365221713da47017e656e672,"supply, distribution and related managers",17,66c0cf9a0dae6d984f0a00fe754e1777b53a25afb64fcde955bf58c54fd4839f,manufacturing supervisors,13,ca6a7c40f9b9bf94d7e7ebde336958dee8a3f526f967f532ef4bce7c8d5ea710,software and applications developers and analysts not elsewhere classified,21.0,1375576f05ad074d671f59cd4b8ef8be3788deffa6d65c8099622c008a785ad9,software developers,26.0,2834b4e212fc6f1ffaff745ec8efb38df9e704730c47ec43444a3216d3d9ef9d,software developers,9.0,,,,,,,,,,,,,,,,,,,,,,,,,,,,,,
6f15b451-b712-4f3d-8eb6-b5ef6eefa76a,2f03b074cdf9e40b4c72d781c9b026ce64098bd5220bd637d6a88db5ca497d84,accounting associate professionals,5,bcab88fbaadbd5bd0f1a67d54e4e1738fbc9ff9850bcb4e0911421a4b6ece901,university and higher education teachers,13,bcab88fbaadbd5bd0f1a67d54e4e1738fbc9ff9850bcb4e0911421a4b6ece901,civil engineers,21.0,,,,,,,,,,,,,,,,,,,,,,,,,,,,,,,,,,,,
7043fb27-61d4-42cf-931a-b3842842bb55,b5ef063dc9f9104e380b55b8fc5e47e23c19db9eb2b3a24d12e2fc0c73ea8531,"statistical, finance and insurance clerks",16,b5ef063dc9f9104e380b55b8fc5e47e23c19db9eb2b3a24d12e2fc0c73ea8531,manufacturing labourers not elsewhere classified,25,,,,,,,,,,,,,,,,,,,,,,,,,,,,,,,,,,,,,,,
70a9f08d-e39d-4062-a1c6-42c9e0593a26,39bed2cfa582ba3d038b8cf1a3e41f1492468ecd43372e6c191b815ca9ed919d,sales and marketing managers,73,d9a50552a03a374de62b0d5a42b8cff7854b3e1bc30b1636809ed16c90baf16c,food and related products machine operators,27,d89e7dde4143eb773e9ebbae95afe2573766175f3601cdb4ddd8a4a1cb24c1d4,accounting and bookkeeping clerks,7.0,14787f65dd64c70ebd8f1e1ef3a1102a99179374e42d836b1690ee63d673ffca,"statistical, finance and insurance clerks",24.0,,,,,,,,,,,,,,,,,,,,,,,,,,,,,,,,,
71346c5e-4b4c-4452-99ec-3bcaf74bc466,b5ef063dc9f9104e380b55b8fc5e47e23c19db9eb2b3a24d12e2fc0c73ea8531,finance managers,121,8b438ede953553e1b6d0613aa23a1e7ffeb27cd208f7610f2662f137004a1286,accounting associate professionals,25,,,,,,,,,,,,,,,,,,,,,,,,,,,,,,,,,,,,,,,
71ceeb28-2375-4212-9c67-41dc80fdf014,2f03b074cdf9e40b4c72d781c9b026ce64098bd5220bd637d6a88db5ca497d84,accountants,4,2f03b074cdf9e40b4c72d781c9b026ce64098bd5220bd637d6a88db5ca497d84,accountants,13,2f03b074cdf9e40b4c72d781c9b026ce64098bd5220bd637d6a88db5ca497d84,interior designers and decorators,21.0,2f03b074cdf9e40b4c72d781c9b026ce64098bd5220bd637d6a88db5ca497d84,business services agents not elsewhere classified,36.0,2f03b074cdf9e40b4c72d781c9b026ce64098bd5220bd637d6a88db5ca497d84,electrical engineers,44.0,,,,,,,,,,,,,,,,,,,,,,,,,,,,,,
71dde96f-5a37-40aa-a70a-54349acd40d5,2f03b074cdf9e40b4c72d781c9b026ce64098bd5220bd637d6a88db5ca497d84,accountants,13,2f03b074cdf9e40b4c72d781c9b026ce64098bd5220bd637d6a88db5ca497d84,accountants,12,,,,,,,,,,,,,,,,,,,,,,,,,,,,,,,,,,,,,,,
73dbf007-f791-4fce-bbb0-c55e3f517c93,413bb748aa81d7b73257fd857e945f60bd392c5fa8618bcd9b9129ed36b04a1a,securities and finance dealers and brokers,4,42f1e9444ee01191b712631bb1db9c12d71154aeb187840bd5587bfea32a9b5b,engineering professionals not elsewhere classified,12,317e30160f5b3b7110e7c61c7d449f9043b13294582374438ae62b096c545490,economists,10.0,2f03b074cdf9e40b4c72d781c9b026ce64098bd5220bd637d6a88db5ca497d84,financial and investment advisers,22.0,42f1e9444ee01191b712631bb1db9c12d71154aeb187840bd5587bfea32a9b5b,economists,20.0,,,,,,,,,,,,,,,,,,,,,,,,,,,,,,
73f8865b-3833-4d9d-848a-8166db021e0f,317e30160f5b3b7110e7c61c7d449f9043b13294582374438ae62b096c545490,engineering professionals not elsewhere classified,24,33b38b3c99b1d16fa226ea8fe2a1ddf3c5b6aac7acd3985a5bba5da0efd4e4a4,software developers,34,,,,,,,,,,,,,,,,,,,,,,,,,,,,,,,,,,,,,,,
7481a8ba-d9b0-4f48-9113-8bca7771180f,6f6e5f647e6aebce665c51e84165ab8cfe8e12e5afab959d4beca791745b38f0,payroll clerks,93,2f03b074cdf9e40b4c72d781c9b026ce64098bd5220bd637d6a88db5ca497d84,accounting and bookkeeping clerks,33,2f03b074cdf9e40b4c72d781c9b026ce64098bd5220bd637d6a88db5ca497d84,industrial and production engineers,14.0,2834b4e212fc6f1ffaff745ec8efb38df9e704730c47ec43444a3216d3d9ef9d,accountants,15.0,bcab88fbaadbd5bd0f1a67d54e4e1738fbc9ff9850bcb4e0911421a4b6ece901,accountants,55.0,,,,,,,,,,,,,,,,,,,,,,,,,,,,,,
74e4876d-d206-47bd-8178-e0cfd2c0d094,317e30160f5b3b7110e7c61c7d449f9043b13294582374438ae62b096c545490,systems analysts,15,317e30160f5b3b7110e7c61c7d449f9043b13294582374438ae62b096c545490,systems administrators,27,b40041695615258b5715d0ea5957e786816f9bf6143a144372c7e16acbcfdee4,information and communications technology user support technicians,18.0,2834b4e212fc6f1ffaff745ec8efb38df9e704730c47ec43444a3216d3d9ef9d,information and communications technology user support technicians,16.0,,,,,,,,,,,,,,,,,,,,,,,,,,,,,,,,,
775726cf-9db0-4d79-99a1-a70d58a54ff5,f43d0727cfb6bf30ae126fdc253f1972ecfc8d6ff5e5c6338e85fef56c41f023,securities and finance dealers and brokers,7,317e30160f5b3b7110e7c61c7d449f9043b13294582374438ae62b096c545490,authors and related writers,37,33b38b3c99b1d16fa226ea8fe2a1ddf3c5b6aac7acd3985a5bba5da0efd4e4a4,business services agents not elsewhere classified,19.0,,,,,,,,,,,,,,,,,,,,,,,,,,,,,,,,,,,,
7766c6b5-f9cc-4fc5-8524-a93fcf552efa,2f03b074cdf9e40b4c72d781c9b026ce64098bd5220bd637d6a88db5ca497d84,financial analysts,54,2834b4e212fc6f1ffaff745ec8efb38df9e704730c47ec43444a3216d3d9ef9d,shop sales assistants,43,,,,,,,,,,,,,,,,,,,,,,,,,,,,,,,,,,,,,,,
77a04322-fe35-4698-b8cd-3831b0024775,d9a50552a03a374de62b0d5a42b8cff7854b3e1bc30b1636809ed16c90baf16c,commercial sales representatives,83,2f03b074cdf9e40b4c72d781c9b026ce64098bd5220bd637d6a88db5ca497d84,toolmakers and related workers,35,2f03b074cdf9e40b4c72d781c9b026ce64098bd5220bd637d6a88db5ca497d84,"statistical, finance and insurance clerks",8.0,d9a50552a03a374de62b0d5a42b8cff7854b3e1bc30b1636809ed16c90baf16c,"statistical, finance and insurance clerks",16.0,f6890cfc471b933a9519c3fd5a88e81f0c4e8205b13983d0122600fd4d578310,"statistical, finance and insurance clerks",10.0,,,,,,,,,,,,,,,,,,,,,,,,,,,,,,
781c5bc4-aa52-4e75-8aa6-f17bbca2d506,2f03b074cdf9e40b4c72d781c9b026ce64098bd5220bd637d6a88db5ca497d84,food and related products machine operators,15,e8ac78a869f2273183a04535215e6157cc2be0184040b9246832acb2add09d6d,valuers and loss assessors,3,faa798a76e5ba0de080c07223afa49cd5645f3145802222ba375e20bfeddd012,valuers and loss assessors,2.0,,,,,,,,,,,,,,,,,,,,,,,,,,,,,,,,,,,,
78aae3ad-34de-424f-9bcc-ce3083a2021d,17954bc6b7d7d3e364bc41aee2726febe95b305d8aa513d4f94b2b4165450130,medical records and health information technicians,13,2f03b074cdf9e40b4c72d781c9b026ce64098bd5220bd637d6a88db5ca497d84,retail and wholesale trade managers,11,9fbf261b62c1d7c00db73afb81dd97fdf20b3442e36e338cb9359b856a03bdc8,commercial sales representatives,23.0,6f6e5f647e6aebce665c51e84165ab8cfe8e12e5afab959d4beca791745b38f0,software developers,29.0,2834b4e212fc6f1ffaff745ec8efb38df9e704730c47ec43444a3216d3d9ef9d,software and applications developers and analysts not elsewhere classified,6.0,1a467e4bd6d315fe9e7437695b9d5696400a86c40f0db926c4baebcc9baec3ae,"supply, distribution and related managers",14.0,,,,,,,,,,,,,,,,,,,,,,,,,,,
79bc8a3c-4dc2-4c95-abbf-022aa255197d,65326aa32ab9fbc54ff08bce26de4ffaa644f813b41af1c8c6358c1b707d6c10,information and communications technology user support technicians,5,65326aa32ab9fbc54ff08bce26de4ffaa644f813b41af1c8c6358c1b707d6c10,electrical engineers,10,65326aa32ab9fbc54ff08bce26de4ffaa644f813b41af1c8c6358c1b707d6c10,computer network and systems technicians,20.0,,,,,,,,,,,,,,,,,,,,,,,,,,,,,,,,,,,,
7a8c123f-e462-4dc8-8858-660aaa6b9fbe,0c9995426ed94d5691e5295d97d87e67641e4107c54570da8722111da73126cc,software developers,14,ec3ec378fe002ca5d88063e6c91f01f45b535ca4c6e41d4e914fe6d7009c8d71,medical records and health information technicians,26,3c9adf8e28b3b59aa571d7b3f89ca86d9aab99b38d0d9fb79eef609f8416d490,managing directors and chief executives,28.0,42f1e9444ee01191b712631bb1db9c12d71154aeb187840bd5587bfea32a9b5b,software developers,7.0,,,,,,,,,,,,,,,,,,,,,,,,,,,,,,,,,
7ac7df19-28a1-4698-976b-8d986cead544,2834b4e212fc6f1ffaff745ec8efb38df9e704730c47ec43444a3216d3d9ef9d,engineering professionals not elsewhere classified,38,2ef1ffd1f5d9bd2cf5cc76cf4508963e4657ae0908d12ae2f834d855a376c268,trade brokers,59,,,,,,,,,,,,,,,,,,,,,,,,,,,,,,,,,,,,,,,
7baa20e4-5ad8-479a-a40a-471599923c29,d9a50552a03a374de62b0d5a42b8cff7854b3e1bc30b1636809ed16c90baf16c,graphic and multimedia designers,26,0c9995426ed94d5691e5295d97d87e67641e4107c54570da8722111da73126cc,graphic and multimedia designers,23,,,,,,,,,,,,,,,,,,,,,,,,,,,,,,,,,,,,,,,
7c084e33-03fb-4374-a561-ca3b244e9b48,42f1e9444ee01191b712631bb1db9c12d71154aeb187840bd5587bfea32a9b5b,"supply, distribution and related managers",5,33b38b3c99b1d16fa226ea8fe2a1ddf3c5b6aac7acd3985a5bba5da0efd4e4a4,manufacturing labourers not elsewhere classified,6,0c9995426ed94d5691e5295d97d87e67641e4107c54570da8722111da73126cc,information and communications technology user support technicians,14.0,,,,,,,,,,,,,,,,,,,,,,,,,,,,,,,,,,,,
7c3c9579-0dec-46d7-9816-26390b2c2fd1,2f03b074cdf9e40b4c72d781c9b026ce64098bd5220bd637d6a88db5ca497d84,commercial sales representatives,31,b5ef063dc9f9104e380b55b8fc5e47e23c19db9eb2b3a24d12e2fc0c73ea8531,social work and counselling professionals,38,571c3496b79c6bc20ed9a9f1a3b9381b37025135e98e77eb74820911792be37e,enquiry clerks,46.0,,,,,,,,,,,,,,,,,,,,,,,,,,,,,,,,,,,,
7da92fb0-a852-4a88-a7bf-c714e996a845,2834b4e212fc6f1ffaff745ec8efb38df9e704730c47ec43444a3216d3d9ef9d,"supply, distribution and related managers",22,2834b4e212fc6f1ffaff745ec8efb38df9e704730c47ec43444a3216d3d9ef9d,managing directors and chief executives,34,65326aa32ab9fbc54ff08bce26de4ffaa644f813b41af1c8c6358c1b707d6c10,administrative and executive secretaries,13.0,49cb34e27fc75301ab83ddc594153cbc93ba4f3efdbd8fb09545b725cf742301,software developers,30.0,,,,,,,,,,,,,,,,,,,,,,,,,,,,,,,,,
7edbbcfa-4912-4a13-b93f-1ad0a65a6302,317e30160f5b3b7110e7c61c7d449f9043b13294582374438ae62b096c545490,"textile, fur and leather products machine operators not elsewhere classified",36,2f03b074cdf9e40b4c72d781c9b026ce64098bd5220bd637d6a88db5ca497d84,manufacturing supervisors,14,,,,,,,,,,,,,,,,,,,,,,,,,,,,,,,,,,,,,,,
7fbfa952-9f6c-43dc-a794-bf83497e8995,0c9995426ed94d5691e5295d97d87e67641e4107c54570da8722111da73126cc,policy administration professionals,11,0c9995426ed94d5691e5295d97d87e67641e4107c54570da8722111da73126cc,software developers,48,f98641c19b4f3b67e2da8aafeb88a041b0809d4cf4113d239f2c2079211b83b7,software developers,18.0,,,,,,,,,,,,,,,,,,,,,,,,,,,,,,,,,,,,
7fc82b28-cece-4ddf-a5fb-b6bb6b8c17d3,ec3ec378fe002ca5d88063e6c91f01f45b535ca4c6e41d4e914fe6d7009c8d71,real estate agents and property managers,41,33b38b3c99b1d16fa226ea8fe2a1ddf3c5b6aac7acd3985a5bba5da0efd4e4a4,business services agents not elsewhere classified,14,33b38b3c99b1d16fa226ea8fe2a1ddf3c5b6aac7acd3985a5bba5da0efd4e4a4,engineering professionals not elsewhere classified,30.0,,,,,,,,,,,,,,,,,,,,,,,,,,,,,,,,,,,,
8009d505-c370-47f1-8c13-e0512529f830,0f843da8a813f2f5e52cb411ebf2be3b9b838f2a4e95a3f264103d22caa94f7a,"supply, distribution and related managers",27,cd49141e15bc4d0bec863ab9582570acb1e8939a96091e2fd44be27e91bc39fa,"statistical, finance and insurance clerks",24,f55a85b2f2eb0790b99de47ae3e845fb3132aa8a892354ef4acb332a9473eeb9,software and applications developers and analysts not elsewhere classified,21.0,f290964e29a467020ed3c821abd40d53875928cb930f9be3086bb1733816bbc7,software and applications developers and analysts not elsewhere classified,22.0,9e28ab3018ad95e12310e64ea3eabb4ae880431da3ea114fb99186508c507d5d,software developers,10.0,,,,,,,,,,,,,,,,,,,,,,,,,,,,,,
8014f980-3403-47ba-ad81-f0db10682f4a,2f03b074cdf9e40b4c72d781c9b026ce64098bd5220bd637d6a88db5ca497d84,electrical engineers,7,317e30160f5b3b7110e7c61c7d449f9043b13294582374438ae62b096c545490,systems analysts,30,,,,,,,,,,,,,,,,,,,,,,,,,,,,,,,,,,,,,,,
80b99f18-1710-430e-9f94-31a81476aa33,42f1e9444ee01191b712631bb1db9c12d71154aeb187840bd5587bfea32a9b5b,accounting associate professionals,12,0c9995426ed94d5691e5295d97d87e67641e4107c54570da8722111da73126cc,prison guards,9,,,,,,,,,,,,,,,,,,,,,,,,,,,,,,,,,,,,,,,
80e297d2-deed-45ca-b5e5-d561094cb47d,317e30160f5b3b7110e7c61c7d449f9043b13294582374438ae62b096c545490,authors and related writers,10,1530f536a21cb57824309647d814e5b75cd2d80b1d08b29a67aac2a365961ebc,systems administrators,1,2f03b074cdf9e40b4c72d781c9b026ce64098bd5220bd637d6a88db5ca497d84,meteorologists,17.0,33b38b3c99b1d16fa226ea8fe2a1ddf3c5b6aac7acd3985a5bba5da0efd4e4a4,systems administrators,30.0,,,,,,,,,,,,,,,,,,,,,,,,,,,,,,,,,
812a9594-ed36-4064-b387-df1e576f33f8,2834b4e212fc6f1ffaff745ec8efb38df9e704730c47ec43444a3216d3d9ef9d,shop sales assistants,18,2f03b074cdf9e40b4c72d781c9b026ce64098bd5220bd637d6a88db5ca497d84,manufacturing labourers not elsewhere classified,7,2f03b074cdf9e40b4c72d781c9b026ce64098bd5220bd637d6a88db5ca497d84,legal professionals not elsewhere classified,12.0,,,,,,,,,,,,,,,,,,,,,,,,,,,,,,,,,,,,
816a1a5e-b3c0-42ed-8ddf-f555129877b3,317e30160f5b3b7110e7c61c7d449f9043b13294582374438ae62b096c545490,retail and wholesale trade managers,91,05b679a9e301e5f673326d6c5643b87046002c4b6c423dba666d6dda30f8f04a,"statistical, finance and insurance clerks",10,07e6b9473009d79297705d853f6beea647aaa774ed7c01eeb1546204e14a8c38,accountants,19.0,ffe3bb875ea6d786e8d2cb21d40244bf92c934bde4079e4afcdeea8d6cee2782,mining supervisors,11.0,,,,,,,,,,,,,,,,,,,,,,,,,,,,,,,,,
82fb6022-bdcf-4d4a-b6de-ac2aa5cc0f1c,d9a50552a03a374de62b0d5a42b8cff7854b3e1bc30b1636809ed16c90baf16c,university and higher education teachers,17,2f03b074cdf9e40b4c72d781c9b026ce64098bd5220bd637d6a88db5ca497d84,protective services workers not elsewhere classified,6,,,,,,,,,,,,,,,,,,,,,,,,,,,,,,,,,,,,,,,
8475d2fb-dd7e-46fb-915c-c7e5b573ebb3,04fa90c33768b47dac68919ef7f23319da125c06e3049d9e72709ee2a856d9ac,travel guides,23,79e0ddd17707b2f30e86d17ec51cec86c1c8a302acb43cbf9694038ab3bc843a,hr executive,15,,,,,,,,,,,,,,,,,,,,,,,,,,,,,,,,,,,,,,,
849f025f-6b86-4e4a-b471-36a1541cdaca,2f03b074cdf9e40b4c72d781c9b026ce64098bd5220bd637d6a88db5ca497d84,systems analysts,16,2f03b074cdf9e40b4c72d781c9b026ce64098bd5220bd637d6a88db5ca497d84,technical and medical sales professionals (excluding ict),32,,,,,,,,,,,,,,,,,,,,,,,,,,,,,,,,,,,,,,,
853fc983-fd67-492c-bb61-bda56effe856,e234cc7d662c50b89d7e157131338c59494fc4426b5624b7b04345f49e04ea08,"handicraft workers in wood, basketry and related materials",12,34ef5de5714965234c344ef324523556ea10507b20f519526908fb6b4cd99219,judges,13,aacca8bcb37aefa0c533aaf84f4bcdb9c15dfbf7175da4c6c1ce9d3ec5ba4a02,medical records and health information technicians,8.0,34a533dfd7273a9bb03656b32956a2b1d08dc62533b11c813b28d0ef23ec8e67,software and applications developers and analysts not elsewhere classified,18.0,65326aa32ab9fbc54ff08bce26de4ffaa644f813b41af1c8c6358c1b707d6c10,software and applications developers and analysts not elsewhere classified,40.0,e98d46ef8644f57ef99aff7e3b0ee5813704c5e26f99dcbb0994fcb4581e09b0,managing directors and chief executives,28.0,,,,,,,,,,,,,,,,,,,,,,,,,,,
86c07bcf-809f-41fa-ab72-79e651113a39,2f03b074cdf9e40b4c72d781c9b026ce64098bd5220bd637d6a88db5ca497d84,software developers,1,33b38b3c99b1d16fa226ea8fe2a1ddf3c5b6aac7acd3985a5bba5da0efd4e4a4,software developers,26,,,,,,,,,,,,,,,,,,,,,,,,,,,,,,,,,,,,,,,
87df179a-dbf7-4fd4-899c-15341a9a1d1b,384a318dbddc6d21fa14cede05f6fc77f7703438465f506288faba72e49fa553,commercial sales representatives,24,384a318dbddc6d21fa14cede05f6fc77f7703438465f506288faba72e49fa553,commercial sales representatives,28,916a98f0fa2a39af1a736b1a3744cb655dc8638a6953e2fb13e39934ab60d55a,business services agents not elsewhere classified,25.0,916a98f0fa2a39af1a736b1a3744cb655dc8638a6953e2fb13e39934ab60d55a,engineering professionals not elsewhere classified,25.0,dbb8160fcd54d2e8d017f56dbb4785507629718cbe99a90e41d9f14920a39a7e,engineering professionals not elsewhere classified,4.0,2f03b074cdf9e40b4c72d781c9b026ce64098bd5220bd637d6a88db5ca497d84,engineering professionals not elsewhere classified,15.0,,,,,,,,,,,,,,,,,,,,,,,,,,,
88b05e31-a65d-4139-934b-2b77342150c5,317e30160f5b3b7110e7c61c7d449f9043b13294582374438ae62b096c545490,financial and investment advisers,23,db9bed63cd62be6f80ec30bcfa8ec501a7594838e65cb76f76785b3d1c42d31a,software developers,49,db9bed63cd62be6f80ec30bcfa8ec501a7594838e65cb76f76785b3d1c42d31a,software developers,29.0,0f843da8a813f2f5e52cb411ebf2be3b9b838f2a4e95a3f264103d22caa94f7a,financial analysts,20.0,d73d8e04a1757cc262ac8be66ca97a4929b9e5f53d4da90733ceb53bbb1e0eb1,authors and related writers,34.0,,,,,,,,,,,,,,,,,,,,,,,,,,,,,,
88e73047-d94a-4251-a072-627527e6643d,b5ef063dc9f9104e380b55b8fc5e47e23c19db9eb2b3a24d12e2fc0c73ea8531,office supervisors,9,2834b4e212fc6f1ffaff745ec8efb38df9e704730c47ec43444a3216d3d9ef9d,policy and planning managers,42,2f03b074cdf9e40b4c72d781c9b026ce64098bd5220bd637d6a88db5ca497d84,systems analysts,72.0,,,,,,,,,,,,,,,,,,,,,,,,,,,,,,,,,,,,
892cb08b-87bc-44f9-999f-103450390c6c,2834b4e212fc6f1ffaff745ec8efb38df9e704730c47ec43444a3216d3d9ef9d,business services and administration managers not elsewhere classified,25,5a517b9cf7e9af5d7c25172cdddbfd527e83553936a16ebcce4f6aa990918f11,engineering professionals not elsewhere classified,81,f9721251990ea3ce2ab1de033ff05bb4d9e23b91351ebe63a92c6491d9bb691c,travel guides,24.0,24758a8d2560a078407f24035512857a14ddaac1d0888d14e1c4ea7ec72c4274,software and applications developers and analysts not elsewhere classified,30.0,bf401bc9d39b0715c5710d5d679c162d27517884c613acffa34e1b2d5bd056be,engineering professionals not elsewhere classified,56.0,cd49141e15bc4d0bec863ab9582570acb1e8939a96091e2fd44be27e91bc39fa,engineering professionals not elsewhere classified,11.0,,,,,,,,,,,,,,,,,,,,,,,,,,,
8a328dc9-5599-41d3-a6bc-bacce76348e5,33b38b3c99b1d16fa226ea8fe2a1ddf3c5b6aac7acd3985a5bba5da0efd4e4a4,"statistical, finance and insurance clerks",33,f43d0727cfb6bf30ae126fdc253f1972ecfc8d6ff5e5c6338e85fef56c41f023,non-commissioned armed forces officers,36,,,,,,,,,,,,,,,,,,,,,,,,,,,,,,,,,,,,,,,
8ab613f0-8c53-44ce-94e9-db96d35f9902,2f03b074cdf9e40b4c72d781c9b026ce64098bd5220bd637d6a88db5ca497d84,accounting associate professionals,14,2f03b074cdf9e40b4c72d781c9b026ce64098bd5220bd637d6a88db5ca497d84,accounting and bookkeeping clerks,8,e8ac78a869f2273183a04535215e6157cc2be0184040b9246832acb2add09d6d,accounting and bookkeeping clerks,50.0,42f1e9444ee01191b712631bb1db9c12d71154aeb187840bd5587bfea32a9b5b,accounting and bookkeeping clerks,12.0,,,,,,,,,,,,,,,,,,,,,,,,,,,,,,,,,
8aeb2ccd-5ebd-45ce-8856-ca0a26c777aa,faa798a76e5ba0de080c07223afa49cd5645f3145802222ba375e20bfeddd012,economists,20,2f03b074cdf9e40b4c72d781c9b026ce64098bd5220bd637d6a88db5ca497d84,financial analysts,31,2f03b074cdf9e40b4c72d781c9b026ce64098bd5220bd637d6a88db5ca497d84,information and communications technology user support technicians,24.0,,,,,,,,,,,,,,,,,,,,,,,,,,,,,,,,,,,,
8b6fb901-06c7-420f-a0f0-b1e9fb74d39a,d4bc5a5c67f1008a065b84e5fcb6e5e226d146966b9e3db8323daae237561f5b,securities and finance dealers and brokers,32,2f03b074cdf9e40b4c72d781c9b026ce64098bd5220bd637d6a88db5ca497d84,accounting associate professionals,23,0acd4e0450b348c21125921b3e5c64e90cd6d6a664b1d6e87406b3c49931d656,freight handlers,12.0,8afc8c5ce5baa02e1099bbfb24e8eada7fb99fe6c799f0f5bb0191e515268e36,economists,17.0,c76b9da170a2be9e28859caa4658a462c213e12cd8695299cb542da394e23cb2,economists,27.0,,,,,,,,,,,,,,,,,,,,,,,,,,,,,,
8be5134a-3c29-4b23-9c5f-6a96a443083b,33b38b3c99b1d16fa226ea8fe2a1ddf3c5b6aac7acd3985a5bba5da0efd4e4a4,dentists,18,2834b4e212fc6f1ffaff745ec8efb38df9e704730c47ec43444a3216d3d9ef9d,training and staff development professionals,3,f3ce1d061579db3299b2729bc42a0d8cb8b0cb3b56ce2cb0e8f532cc13a60f02,accounting and bookkeeping clerks,28.0,413bb748aa81d7b73257fd857e945f60bd392c5fa8618bcd9b9129ed36b04a1a,shop sales assistants,4.0,f6890cfc471b933a9519c3fd5a88e81f0c4e8205b13983d0122600fd4d578310,commercial sales representatives,6.0,,,,,,,,,,,,,,,,,,,,,,,,,,,,,,
8c008687-29f5-466c-a651-e98ef4419c59,d9a50552a03a374de62b0d5a42b8cff7854b3e1bc30b1636809ed16c90baf16c,accounting associate professionals,1,e8ac78a869f2273183a04535215e6157cc2be0184040b9246832acb2add09d6d,accounting associate professionals,3,,,,,,,,,,,,,,,,,,,,,,,,,,,,,,,,,,,,,,,
8c45cfaa-d27c-414b-89b3-8e5790a11911,bcab88fbaadbd5bd0f1a67d54e4e1738fbc9ff9850bcb4e0911421a4b6ece901,medical assistants,2,2f03b074cdf9e40b4c72d781c9b026ce64098bd5220bd637d6a88db5ca497d84,prison guards,11,,,,,,,,,,,,,,,,,,,,,,,,,,,,,,,,,,,,,,,
8d84ee18-fd03-4556-b2a3-574fd101abfe,317e30160f5b3b7110e7c61c7d449f9043b13294582374438ae62b096c545490,economists,22,5b8b5a83a62d899cd3681bd1a36a677b0424798c0ef940b427aa4993f553b673,economists,11,317e30160f5b3b7110e7c61c7d449f9043b13294582374438ae62b096c545490,economists,30.0,e3ce650cf32c7a658f8949c0a0ba2fd8902174aab9e57e069e9c9cd170caf9d4,economists,30.0,d9a50552a03a374de62b0d5a42b8cff7854b3e1bc30b1636809ed16c90baf16c,civil engineers,6.0,1507017e570c3210011ac8ed9425e9097bf6f7402864c307246b9cc750b2fe9a,civil engineers,16.0,,,,,,,,,,,,,,,,,,,,,,,,,,,
8d88fba3-a7a4-4fc4-8383-f1bb66b33bce,2f03b074cdf9e40b4c72d781c9b026ce64098bd5220bd637d6a88db5ca497d84,commercial sales representatives,9,65326aa32ab9fbc54ff08bce26de4ffaa644f813b41af1c8c6358c1b707d6c10,financial analysts,7,,,,,,,,,,,,,,,,,,,,,,,,,,,,,,,,,,,,,,,
8db44ae1-cefd-401c-9d1c-0f4cc064a1d1,2834b4e212fc6f1ffaff745ec8efb38df9e704730c47ec43444a3216d3d9ef9d,hand launderers and pressers,32,2834b4e212fc6f1ffaff745ec8efb38df9e704730c47ec43444a3216d3d9ef9d,legal professionals not elsewhere classified,14,2f03b074cdf9e40b4c72d781c9b026ce64098bd5220bd637d6a88db5ca497d84,medical records and health information technicians,14.0,2f03b074cdf9e40b4c72d781c9b026ce64098bd5220bd637d6a88db5ca497d84,pet groomers and animal care workers,17.0,,,,,,,,,,,,,,,,,,,,,,,,,,,,,,,,,
8e18b14f-acb1-454e-aeb6-fd420c9dbf70,b5ef063dc9f9104e380b55b8fc5e47e23c19db9eb2b3a24d12e2fc0c73ea8531,shop sales assistants,16,33b38b3c99b1d16fa226ea8fe2a1ddf3c5b6aac7acd3985a5bba5da0efd4e4a4,information and communications technology user support technicians,14,,,,,,,,,,,,,,,,,,,,,,,,,,,,,,,,,,,,,,,
8f1fb6b1-03f7-402c-82eb-6fbe27801ef3,2f03b074cdf9e40b4c72d781c9b026ce64098bd5220bd637d6a88db5ca497d84,information and communications technology user support technicians,14,317e30160f5b3b7110e7c61c7d449f9043b13294582374438ae62b096c545490,product graders and testers (excluding foods and beverages),7,,,,,,,,,,,,,,,,,,,,,,,,,,,,,,,,,,,,,,,
90f58c92-9987-498f-adcf-b8ea3ac98c45,0c9995426ed94d5691e5295d97d87e67641e4107c54570da8722111da73126cc,software developers,26,9fbf261b62c1d7c00db73afb81dd97fdf20b3442e36e338cb9359b856a03bdc8,software developers,21,,,,,,,,,,,,,,,,,,,,,,,,,,,,,,,,,,,,,,,
9163feee-c2ff-4da0-94ef-72c20f3207bd,e95b6ce49bad8af1dadafa79d606687c5a6cf99d101520920f72549300c65e33,"supply, distribution and related managers",7,8afc8c5ce5baa02e1099bbfb24e8eada7fb99fe6c799f0f5bb0191e515268e36,graphic and multimedia designers,13,63d283e55344a1cf3802fbe70ff2d48c0b7f13ba2101f30830fde36a78015e1e,"supply, distribution and related managers",13.0,2834b4e212fc6f1ffaff745ec8efb38df9e704730c47ec43444a3216d3d9ef9d,"supply, distribution and related managers",29.0,3b009c3908175715e37a7c506c1631ba206cc7df8c3ba578d637849f54d12aae,software developers,14.0,dc58f69cdf6f6e2f0db6692ea155d981b35ee858d71e79c29a32de2dd9b2ffff,software and applications developers and analysts not elsewhere classified,18.0,dc58f69cdf6f6e2f0db6692ea155d981b35ee858d71e79c29a32de2dd9b2ffff,software and applications developers and analysts not elsewhere classified,12.0,,,,,,,,,,,,,,,,,,,,,,,,
91a1d8ab-968f-4520-8b83-946754b1b92f,35ae4121f491b82ab15af078c353748cdd40f36062263d188efbe09b2050a0ec,secondary education teachers,29,3e26c172b92e00538f9b7d422a5833200526fdd8399b114bd89aabf112dd4616,industrial and production engineers,86,,,,,,,,,,,,,,,,,,,,,,,,,,,,,,,,,,,,,,,
929367cd-b8b3-470b-aa50-3eadf8f43627,dc58f69cdf6f6e2f0db6692ea155d981b35ee858d71e79c29a32de2dd9b2ffff,accountants,12,2f03b074cdf9e40b4c72d781c9b026ce64098bd5220bd637d6a88db5ca497d84,sales and marketing managers,30,2f03b074cdf9e40b4c72d781c9b026ce64098bd5220bd637d6a88db5ca497d84,accountants,6.0,,,,,,,,,,,,,,,,,,,,,,,,,,,,,,,,,,,,
92e73d69-f6d3-49e7-a7db-8e75f9aad44b,2f03b074cdf9e40b4c72d781c9b026ce64098bd5220bd637d6a88db5ca497d84,advertising and marketing professionals,127,65326aa32ab9fbc54ff08bce26de4ffaa644f813b41af1c8c6358c1b707d6c10,medical and pathology laboratory technicians,10,,,,,,,,,,,,,,,,,,,,,,,,,,,,,,,,,,,,,,,
9367695e-5fc5-48b1-811e-00b3cc5fbfad,2f03b074cdf9e40b4c72d781c9b026ce64098bd5220bd637d6a88db5ca497d84,personnel and careers professionals,73,2f03b074cdf9e40b4c72d781c9b026ce64098bd5220bd637d6a88db5ca497d84,social work and counselling professionals,24,f43d0727cfb6bf30ae126fdc253f1972ecfc8d6ff5e5c6338e85fef56c41f023,technical and medical sales professionals (excluding ict),25.0,317e30160f5b3b7110e7c61c7d449f9043b13294582374438ae62b096c545490,retail and wholesale trade managers,24.0,,,,,,,,,,,,,,,,,,,,,,,,,,,,,,,,,
93a73f81-4b47-4e75-b41f-cfabb0ef9aa0,2f03b074cdf9e40b4c72d781c9b026ce64098bd5220bd637d6a88db5ca497d84,software developers,19,2834b4e212fc6f1ffaff745ec8efb38df9e704730c47ec43444a3216d3d9ef9d,electronics engineers,15,,,,,,,,,,,,,,,,,,,,,,,,,,,,,,,,,,,,,,,
94dcaab7-a027-4e37-8836-907241840156,2f03b074cdf9e40b4c72d781c9b026ce64098bd5220bd637d6a88db5ca497d84,pre-press technicians,12,d9a50552a03a374de62b0d5a42b8cff7854b3e1bc30b1636809ed16c90baf16c,pre-press technicians,16,317e30160f5b3b7110e7c61c7d449f9043b13294582374438ae62b096c545490,pre-press technicians,12.0,,,,,,,,,,,,,,,,,,,,,,,,,,,,,,,,,,,,
95438a8d-9404-46b8-ac2f-850b09d29f29,42f1e9444ee01191b712631bb1db9c12d71154aeb187840bd5587bfea32a9b5b,commercial sales representatives,21,317e30160f5b3b7110e7c61c7d449f9043b13294582374438ae62b096c545490,software developers,22,2f03b074cdf9e40b4c72d781c9b026ce64098bd5220bd637d6a88db5ca497d84,software developers,20.0,33b38b3c99b1d16fa226ea8fe2a1ddf3c5b6aac7acd3985a5bba5da0efd4e4a4,software developers,21.0,2834b4e212fc6f1ffaff745ec8efb38df9e704730c47ec43444a3216d3d9ef9d,personnel and careers professionals,22.0,,,,,,,,,,,,,,,,,,,,,,,,,,,,,,
962e5e94-80c4-4d85-b3d0-57f1fc174c75,2f03b074cdf9e40b4c72d781c9b026ce64098bd5220bd637d6a88db5ca497d84,electrical engineers,3,2f03b074cdf9e40b4c72d781c9b026ce64098bd5220bd637d6a88db5ca497d84,physical and engineering science technicians not elsewhere classified,34,,,,,,,,,,,,,,,,,,,,,,,,,,,,,,,,,,,,,,,
96d7ad3d-2aef-4630-878f-2389a39bcfc6,317e30160f5b3b7110e7c61c7d449f9043b13294582374438ae62b096c545490,administrative and executive secretaries,4,2401032c41a34f52c6b4e6d4b6e8fbe4a85cad2e62b1fb4f0d08fb0ece125314,shop sales assistants,7,,,,,,,,,,,,,,,,,,,,,,,,,,,,,,,,,,,,,,,
96f9a088-d245-418a-a838-4906f76153cc,2f03b074cdf9e40b4c72d781c9b026ce64098bd5220bd637d6a88db5ca497d84,commercial sales representatives,1,2f03b074cdf9e40b4c72d781c9b026ce64098bd5220bd637d6a88db5ca497d84,university and higher education teachers,36,2f03b074cdf9e40b4c72d781c9b026ce64098bd5220bd637d6a88db5ca497d84,shoemaking and related machine operators,7.0,,,,,,,,,,,,,,,,,,,,,,,,,,,,,,,,,,,,
97146277-1d8a-4dbc-9d71-38cc4d22d3a1,2f03b074cdf9e40b4c72d781c9b026ce64098bd5220bd637d6a88db5ca497d84,credit and loans officers,3,2f03b074cdf9e40b4c72d781c9b026ce64098bd5220bd637d6a88db5ca497d84,administrative and executive secretaries,19,2f03b074cdf9e40b4c72d781c9b026ce64098bd5220bd637d6a88db5ca497d84,travel attendants and travel stewards,17.0,,,,,,,,,,,,,,,,,,,,,,,,,,,,,,,,,,,,
9756a20e-5008-437e-9d2f-fa227acb43dd,0555d7097f382bb7502b9e40f25af238bd729fdd2c1ce4f3d7c3c802dd7ff85c,financial and investment advisers,2,0d8d7b583f998888fca9a813cb5f4263852c8a21f525db3d6c49d9f27b58d881,economists,29,33b38b3c99b1d16fa226ea8fe2a1ddf3c5b6aac7acd3985a5bba5da0efd4e4a4,economists,23.0,0d8d7b583f998888fca9a813cb5f4263852c8a21f525db3d6c49d9f27b58d881,economists,18.0,2ef1ffd1f5d9bd2cf5cc76cf4508963e4657ae0908d12ae2f834d855a376c268,financial analysts,29.0,,,,,,,,,,,,,,,,,,,,,,,,,,,,,,
99e6cc29-cf15-4969-b649-fda699ac1215,2834b4e212fc6f1ffaff745ec8efb38df9e704730c47ec43444a3216d3d9ef9d,personnel and careers professionals,110,bee4f75d30e5aa6bd3a7013cf048af6f312c3024188527c6296013116493fa7f,managing directors and chief executives,53,,,,,,,,,,,,,,,,,,,,,,,,,,,,,,,,,,,,,,,
9a23eabc-76e2-4522-bee5-74f6ab4a3ea6,3fbb373f671a736ff65a19d9eb5f68530240e0ce3a5dac2cf852845cc11fcd4f,"textile, fur and leather products machine operators not elsewhere classified",23,d9a50552a03a374de62b0d5a42b8cff7854b3e1bc30b1636809ed16c90baf16c,"textile, fur and leather products machine operators not elsewhere classified",10,2dd050652cf0b7eaf6df24f8245d0d3d36ac15c4d1366ff494c642846a9517c4,"textile, fur and leather products machine operators not elsewhere classified",7.0,ec02b3bf21f307be48d93db6bdb4db780fac3baa457c5a18febd92252e3fd033,"textile, fur and leather products machine operators not elsewhere classified",8.0,1375576f05ad074d671f59cd4b8ef8be3788deffa6d65c8099622c008a785ad9,"textile, fur and leather products machine operators not elsewhere classified",8.0,1375576f05ad074d671f59cd4b8ef8be3788deffa6d65c8099622c008a785ad9,software developers,36.0,,,,,,,,,,,,,,,,,,,,,,,,,,,
9a6f9905-3ffa-4917-ae46-6e1b7646781f,0c9995426ed94d5691e5295d97d87e67641e4107c54570da8722111da73126cc,home-based personal care workers,9,e3ce650cf32c7a658f8949c0a0ba2fd8902174aab9e57e069e9c9cd170caf9d4,engineering professionals not elsewhere classified,18,413bb748aa81d7b73257fd857e945f60bd392c5fa8618bcd9b9129ed36b04a1a,systems analysts,56.0,8afc8c5ce5baa02e1099bbfb24e8eada7fb99fe6c799f0f5bb0191e515268e36,electronics engineers,9.0,a13f0d45621366814e2d8b421fc096006d3cbc35abf0ab8c3f706b482810c3a5,shipsõ deck crews and related workers,26.0,,,,,,,,,,,,,,,,,,,,,,,,,,,,,,
9b3a2132-8cd8-48b4-a8f9-d97e7d0cfb0f,2f03b074cdf9e40b4c72d781c9b026ce64098bd5220bd637d6a88db5ca497d84,general office clerks,9,3fbb373f671a736ff65a19d9eb5f68530240e0ce3a5dac2cf852845cc11fcd4f,information and communications technology user support technicians,7,2f03b074cdf9e40b4c72d781c9b026ce64098bd5220bd637d6a88db5ca497d84,heavy truck and lorry drivers,11.0,,,,,,,,,,,,,,,,,,,,,,,,,,,,,,,,,,,,
9b6eeb7b-e3c9-4ae9-a973-fba5036c5ff0,41498f2f154b748967945d426679b5b3432e1ad28fbcae4db5c1d2636f1399b3,pre-press technicians,95,2f03b074cdf9e40b4c72d781c9b026ce64098bd5220bd637d6a88db5ca497d84,pre-press technicians,19,42f1e9444ee01191b712631bb1db9c12d71154aeb187840bd5587bfea32a9b5b,filing and copying clerks,3.0,c68d532239555cb919282f26a6d8bca1bd83fa883d132cdac3e8d4a9a0d9323b,information and communications technology user support technicians,44.0,,,,,,,,,,,,,,,,,,,,,,,,,,,,,,,,,
9e2179bd-c9ef-49e5-879c-6fadd3d78c27,33b38b3c99b1d16fa226ea8fe2a1ddf3c5b6aac7acd3985a5bba5da0efd4e4a4,economists,54,0555d7097f382bb7502b9e40f25af238bd729fdd2c1ce4f3d7c3c802dd7ff85c,engineering professionals not elsewhere classified,22,aacca8bcb37aefa0c533aaf84f4bcdb9c15dfbf7175da4c6c1ce9d3ec5ba4a02,software developers,26.0,ed8f8b38e0b966e19971e669684c7f49f75a50c9d8576e80b5730b18961695c8,engineering professionals not elsewhere classified,20.0,,,,,,,,,,,,,,,,,,,,,,,,,,,,,,,,,
9ffa59c5-9d68-4ba2-83d4-6542a50ff17e,bee4f75d30e5aa6bd3a7013cf048af6f312c3024188527c6296013116493fa7f,economists,15,317e30160f5b3b7110e7c61c7d449f9043b13294582374438ae62b096c545490,economists,15,c40eb2e96b233088d90a97c3f0071325f435671464cfa7b95802149b66ea337a,economists,16.0,da0246b438330185e5afab11b32151fafd561eea57de8c0c48b20ec0917446f8,economists,18.0,6f6e5f647e6aebce665c51e84165ab8cfe8e12e5afab959d4beca791745b38f0,economists,13.0,e7db5a2c641ca5cabf2218cbec6620d5d5a97b251c8012c347ea2139ea24e727,economists,16.0,65326aa32ab9fbc54ff08bce26de4ffaa644f813b41af1c8c6358c1b707d6c10,musical instrument makers and tuners,9.0,,,,,,,,,,,,,,,,,,,,,,,,
a35107da-ac46-45f2-8ca5-df9af6131039,2f03b074cdf9e40b4c72d781c9b026ce64098bd5220bd637d6a88db5ca497d84,human resource managers,4,2f03b074cdf9e40b4c72d781c9b026ce64098bd5220bd637d6a88db5ca497d84,other artistic and cultural associate professionals,38,ffe3bb875ea6d786e8d2cb21d40244bf92c934bde4079e4afcdeea8d6cee2782,shipsõ deck crews and related workers,59.0,,,,,,,,,,,,,,,,,,,,,,,,,,,,,,,,,,,,
a5152ab3-370b-4c5e-95ec-33bcbfa17ee7,24758a8d2560a078407f24035512857a14ddaac1d0888d14e1c4ea7ec72c4274,software developers,27,a8c7c9f30838969746fab8c38a0dd23e3f08a0c04f2d850740e6bbe7ab607256,software developers,2,a8c7c9f30838969746fab8c38a0dd23e3f08a0c04f2d850740e6bbe7ab607256,software and applications developers and analysts not elsewhere classified,43.0,,,,,,,,,,,,,,,,,,,,,,,,,,,,,,,,,,,,
a5f16aa5-4539-4709-89d8-c2791abeca85,2f03b074cdf9e40b4c72d781c9b026ce64098bd5220bd637d6a88db5ca497d84,engineering professionals not elsewhere classified,14,2834b4e212fc6f1ffaff745ec8efb38df9e704730c47ec43444a3216d3d9ef9d,engineering professionals not elsewhere classified,27,2f03b074cdf9e40b4c72d781c9b026ce64098bd5220bd637d6a88db5ca497d84,university and higher education teachers,17.0,,,,,,,,,,,,,,,,,,,,,,,,,,,,,,,,,,,,
a86b3332-c98d-4c1b-9997-d7b708b6867b,317e30160f5b3b7110e7c61c7d449f9043b13294582374438ae62b096c545490,prison guards,6,317e30160f5b3b7110e7c61c7d449f9043b13294582374438ae62b096c545490,prison guards,2,,,,,,,,,,,,,,,,,,,,,,,,,,,,,,,,,,,,,,,
a9251172-c22d-4717-b547-ebcdb92380ab,24758a8d2560a078407f24035512857a14ddaac1d0888d14e1c4ea7ec72c4274,retail and wholesale trade managers,42,2f03b074cdf9e40b4c72d781c9b026ce64098bd5220bd637d6a88db5ca497d84,accounting and bookkeeping clerks,3,,,,,,,,,,,,,,,,,,,,,,,,,,,,,,,,,,,,,,,
a974da0b-f2aa-44a3-aef2-081f824336b0,f290964e29a467020ed3c821abd40d53875928cb930f9be3086bb1733816bbc7,economists,11,f290964e29a467020ed3c821abd40d53875928cb930f9be3086bb1733816bbc7,commercial sales representatives,18,f46a6e0dd2224b36858747ad4f85ca6a885e50d7b4a531d0838cd2af8a50d7e7,economists,18.0,f290964e29a467020ed3c821abd40d53875928cb930f9be3086bb1733816bbc7,economists,18.0,f290964e29a467020ed3c821abd40d53875928cb930f9be3086bb1733816bbc7,economists,7.0,6d47c04ece9373400d122a3b4c248be59a37fd30c9bcd2e16edeb21954f9c989,economists,12.0,000305c8f8d99edb080f308d7162e2aa7a296d28eaf9fbe05a421e4f68c3cf7c,mechanical engineers,15.0,,,,,,,,,,,,,,,,,,,,,,,,
aba77c30-351b-4a6c-981f-4fb80035e684,2f03b074cdf9e40b4c72d781c9b026ce64098bd5220bd637d6a88db5ca497d84,university and higher education teachers,96,2f03b074cdf9e40b4c72d781c9b026ce64098bd5220bd637d6a88db5ca497d84,accounting and bookkeeping clerks,24,,,,,,,,,,,,,,,,,,,,,,,,,,,,,,,,,,,,,,,
abb252bc-a44f-44df-84bb-8aa36ec59fd3,2f03b074cdf9e40b4c72d781c9b026ce64098bd5220bd637d6a88db5ca497d84,personnel and careers professionals,6,0555d7097f382bb7502b9e40f25af238bd729fdd2c1ce4f3d7c3c802dd7ff85c,personnel and careers professionals,10,,,,,,,,,,,,,,,,,,,,,,,,,,,,,,,,,,,,,,,
ad5ed8ce-3013-4fee-b0de-ed384dd9adbd,f6890cfc471b933a9519c3fd5a88e81f0c4e8205b13983d0122600fd4d578310,food and related products machine operators,39,e618973ff8a0f26f2624d118cc5393ac02d8615a112894a26f7be999d6aef5cb,financial analysts,28,,,,,,,,,,,,,,,,,,,,,,,,,,,,,,,,,,,,,,,
ad8c4a03-438a-4ac2-b462-703a3adc2d54,c09213996137fe4714b5c2c563d1894157a0fff191bbe14cd85f408c5c188950,accounting and bookkeeping clerks,23,db9bed63cd62be6f80ec30bcfa8ec501a7594838e65cb76f76785b3d1c42d31a,accounting and bookkeeping clerks,69,33b38b3c99b1d16fa226ea8fe2a1ddf3c5b6aac7acd3985a5bba5da0efd4e4a4,accounting associate professionals,19.0,,,,,,,,,,,,,,,,,,,,,,,,,,,,,,,,,,,,
afc3c3b7-5859-4d93-a429-dd581f744927,2f03b074cdf9e40b4c72d781c9b026ce64098bd5220bd637d6a88db5ca497d84,economists,11,4ad259ee020949994159041e596f7ba4d77162bb436facb2a6f624b080d57fe4,"statistical, finance and insurance clerks",26,bee4f75d30e5aa6bd3a7013cf048af6f312c3024188527c6296013116493fa7f,"armed forces occupations, other ranks",35.0,ba03c06ad589090da4aebb0731b642ae37f23ebd2c6c68d4de2f2ffcc6349b88,economists,10.0,064cd4f1cfb5bd628550fbb9077d094c5073ea171a4f8054975e464aa479c9b0,economists,8.0,2f03b074cdf9e40b4c72d781c9b026ce64098bd5220bd637d6a88db5ca497d84,economists,23.0,,,,,,,,,,,,,,,,,,,,,,,,,,,
afd08116-1c6e-4f6f-b7ad-a0decd5a7f08,2834b4e212fc6f1ffaff745ec8efb38df9e704730c47ec43444a3216d3d9ef9d,information and communications technology service managers,28,2834b4e212fc6f1ffaff745ec8efb38df9e704730c47ec43444a3216d3d9ef9d,research and development managers,19,faa798a76e5ba0de080c07223afa49cd5645f3145802222ba375e20bfeddd012,research and development managers,20.0,2834b4e212fc6f1ffaff745ec8efb38df9e704730c47ec43444a3216d3d9ef9d,business services agents not elsewhere classified,17.0,2f03b074cdf9e40b4c72d781c9b026ce64098bd5220bd637d6a88db5ca497d84,business services agents not elsewhere classified,17.0,,,,,,,,,,,,,,,,,,,,,,,,,,,,,,
affc2319-d2f7-4be6-bcba-41bff7f795de,1375576f05ad074d671f59cd4b8ef8be3788deffa6d65c8099622c008a785ad9,economists,45,f290964e29a467020ed3c821abd40d53875928cb930f9be3086bb1733816bbc7,regulatory government associate professionals not elsewhere classified,15,33b38b3c99b1d16fa226ea8fe2a1ddf3c5b6aac7acd3985a5bba5da0efd4e4a4,economists,20.0,b40041695615258b5715d0ea5957e786816f9bf6143a144372c7e16acbcfdee4,economists,17.0,,,,,,,,,,,,,,,,,,,,,,,,,,,,,,,,,
b08ca9d2-ceed-472d-95ab-fe257b9df858,2f03b074cdf9e40b4c72d781c9b026ce64098bd5220bd637d6a88db5ca497d84,personnel and careers professionals,16,d9a50552a03a374de62b0d5a42b8cff7854b3e1bc30b1636809ed16c90baf16c,personnel and careers professionals,6,,,,,,,,,,,,,,,,,,,,,,,,,,,,,,,,,,,,,,,
b18f7ba6-5709-4e22-b4f3-e09ad157333f,0c9995426ed94d5691e5295d97d87e67641e4107c54570da8722111da73126cc,personnel and careers professionals,49,0cdb23abe4f4a0266f559758c73f664e58fed139b2517e72854e9e515d9bba56,managing directors and chief executives,14,,,,,,,,,,,,,,,,,,,,,,,,,,,,,,,,,,,,,,,
b1ca89f7-4f0a-48fd-8ee9-74c378f64f62,2f03b074cdf9e40b4c72d781c9b026ce64098bd5220bd637d6a88db5ca497d84,personnel and careers professionals,25,f290964e29a467020ed3c821abd40d53875928cb930f9be3086bb1733816bbc7,legal professionals not elsewhere classified,28,,,,,,,,,,,,,,,,,,,,,,,,,,,,,,,,,,,,,,,
b1f3da62-b974-46d3-bcce-a62d29d97c71,0c9995426ed94d5691e5295d97d87e67641e4107c54570da8722111da73126cc,civil engineers,87,2834b4e212fc6f1ffaff745ec8efb38df9e704730c47ec43444a3216d3d9ef9d,software developers,10,0c9995426ed94d5691e5295d97d87e67641e4107c54570da8722111da73126cc,real estate agents and property managers,46.0,d9a50552a03a374de62b0d5a42b8cff7854b3e1bc30b1636809ed16c90baf16c,information and communications technology service managers,61.0,,,,,,,,,,,,,,,,,,,,,,,,,,,,,,,,,
b246d9a7-2378-45fe-b21e-4b853dfce533,2f03b074cdf9e40b4c72d781c9b026ce64098bd5220bd637d6a88db5ca497d84,"musicians, singers and composers",14,2f03b074cdf9e40b4c72d781c9b026ce64098bd5220bd637d6a88db5ca497d84,commercial sales representatives,22,2f03b074cdf9e40b4c72d781c9b026ce64098bd5220bd637d6a88db5ca497d84,policy administration professionals,53.0,b9e57f0164d01ff0cb221a584ceff64a1bdfef1da036578e7bef341a3ba05aa5,real estate agents and property managers,17.0,c40eb2e96b233088d90a97c3f0071325f435671464cfa7b95802149b66ea337a,research and development managers,24.0,bf401bc9d39b0715c5710d5d679c162d27517884c613acffa34e1b2d5bd056be,"mathematicians, actuaries and statisticians",36.0,d9a50552a03a374de62b0d5a42b8cff7854b3e1bc30b1636809ed16c90baf16c,medical secretaries,24.0,faa798a76e5ba0de080c07223afa49cd5645f3145802222ba375e20bfeddd012,legal professionals not elsewhere classified,46.0,,,,,,,,,,,,,,,,,,,,,
b4446fa0-2d28-46ad-9bf2-b5121bdb6b90,5528a266f145e52b1909113269d53b17369dfa495d541628c661029da13e9237,bartenders,67,b5ef063dc9f9104e380b55b8fc5e47e23c19db9eb2b3a24d12e2fc0c73ea8531,advertising and marketing professionals,16,,,,,,,,,,,,,,,,,,,,,,,,,,,,,,,,,,,,,,,
b4784949-ad86-4a71-a9cd-5e4d59c0798c,33b38b3c99b1d16fa226ea8fe2a1ddf3c5b6aac7acd3985a5bba5da0efd4e4a4,electronics engineers,7,bee4f75d30e5aa6bd3a7013cf048af6f312c3024188527c6296013116493fa7f,electronics engineers,10,,,,,,,,,,,,,,,,,,,,,,,,,,,,,,,,,,,,,,,
b5631663-d18f-4e8f-b562-880711c1c55b,b5ef063dc9f9104e380b55b8fc5e47e23c19db9eb2b3a24d12e2fc0c73ea8531,accounting associate professionals,10,317e30160f5b3b7110e7c61c7d449f9043b13294582374438ae62b096c545490,personnel and careers professionals,15,,,,,,,,,,,,,,,,,,,,,,,,,,,,,,,,,,,,,,,
b64cc3ae-7e1c-409a-8b3b-9e06e33fc185,2f03b074cdf9e40b4c72d781c9b026ce64098bd5220bd637d6a88db5ca497d84,personnel and careers professionals,1,2834b4e212fc6f1ffaff745ec8efb38df9e704730c47ec43444a3216d3d9ef9d,administrative and executive secretaries,11,d73d8e04a1757cc262ac8be66ca97a4929b9e5f53d4da90733ceb53bbb1e0eb1,accounting and bookkeeping clerks,6.0,80daf15e57af2a318ecfba9b83746a6a165a3694fdaad25e56b1f0878ac8e2f6,"statistical, finance and insurance clerks",5.0,,,,,,,,,,,,,,,,,,,,,,,,,,,,,,,,,
b64fe0cb-ff02-4cd2-8fb6-3b990464712d,f290964e29a467020ed3c821abd40d53875928cb930f9be3086bb1733816bbc7,commercial sales representatives,10,0033fde84fc017730d10d125e60b6eaace90ef5ca31a7e707ecb27faa8742ba7,securities and finance dealers and brokers,11,4be60d5ae34424cce093ab603dd1ea1c41beb5bdf79f4f0d9a1f80f0b642fed7,commercial sales representatives,8.0,d9a50552a03a374de62b0d5a42b8cff7854b3e1bc30b1636809ed16c90baf16c,economists,20.0,4bf8bfc9f72f27d29efdd74baa0988b00db5157b211ab3d0fd85b2eb6b0bb888,economists,9.0,42f1e9444ee01191b712631bb1db9c12d71154aeb187840bd5587bfea32a9b5b,systems analysts,16.0,b5ef063dc9f9104e380b55b8fc5e47e23c19db9eb2b3a24d12e2fc0c73ea8531,travel guides,36.0,,,,,,,,,,,,,,,,,,,,,,,,
b72ac929-8814-4b30-949a-b73a5cf7fc29,0e073a66ac24cdc352f2bc92a25740bb5847f0dc1deccbef6ef499ecbfc7605f,"supply, distribution and related managers",28,413bb748aa81d7b73257fd857e945f60bd392c5fa8618bcd9b9129ed36b04a1a,software developers,11,bbae145c316ca934ae80ada4246b3e86757dc61da1952d0cb386e4d9274c7924,software developers,13.0,ea2c7095787df8da81591e0ddfc96610f82fc02764dbed34bf7450dd35f023e4,software developers,5.0,f611beab46437c769c2c4a665d0ab8fbe29827c1ec42cb173838b66863e0771c,software developers,16.0,f6890cfc471b933a9519c3fd5a88e81f0c4e8205b13983d0122600fd4d578310,"supply, distribution and related managers",57.0,,,,,,,,,,,,,,,,,,,,,,,,,,,
b794041f-c419-4080-b201-6bbe57548195,7a9c94a8c201bcc22857e49fae92628458cbe2648ab0d3d747d7ed656ca20eb2,economists,5,33b38b3c99b1d16fa226ea8fe2a1ddf3c5b6aac7acd3985a5bba5da0efd4e4a4,economists,5,2f03b074cdf9e40b4c72d781c9b026ce64098bd5220bd637d6a88db5ca497d84,economists,9.0,b5ef063dc9f9104e380b55b8fc5e47e23c19db9eb2b3a24d12e2fc0c73ea8531,software developers,12.0,0cdb23abe4f4a0266f559758c73f664e58fed139b2517e72854e9e515d9bba56,civil engineering technicians,19.0,2f03b074cdf9e40b4c72d781c9b026ce64098bd5220bd637d6a88db5ca497d84,economists,28.0,,,,,,,,,,,,,,,,,,,,,,,,,,,
b9eaaf52-1a8b-4a1e-b43a-224ff1daacf5,2f03b074cdf9e40b4c72d781c9b026ce64098bd5220bd637d6a88db5ca497d84,policy administration professionals,25,2f03b074cdf9e40b4c72d781c9b026ce64098bd5220bd637d6a88db5ca497d84,commercial sales representatives,22,2f03b074cdf9e40b4c72d781c9b026ce64098bd5220bd637d6a88db5ca497d84,general office clerks,12.0,,,,,,,,,,,,,,,,,,,,,,,,,,,,,,,,,,,,
ba3f6060-1681-4f54-adb3-b7d373c62aec,db9bed63cd62be6f80ec30bcfa8ec501a7594838e65cb76f76785b3d1c42d31a,information and communications technology user support technicians,84,317e30160f5b3b7110e7c61c7d449f9043b13294582374438ae62b096c545490,information and communications technology user support technicians,28,,,,,,,,,,,,,,,,,,,,,,,,,,,,,,,,,,,,,,,
baf2678e-397e-4f93-88c5-1dccc2238105,e618973ff8a0f26f2624d118cc5393ac02d8615a112894a26f7be999d6aef5cb,interior designers and decorators,43,2f03b074cdf9e40b4c72d781c9b026ce64098bd5220bd637d6a88db5ca497d84,systems analysts,22,,,,,,,,,,,,,,,,,,,,,,,,,,,,,,,,,,,,,,,
bb4163a6-b812-45ff-89b8-38a16c93789c,317e30160f5b3b7110e7c61c7d449f9043b13294582374438ae62b096c545490,interior designers and decorators,49,b5ef063dc9f9104e380b55b8fc5e47e23c19db9eb2b3a24d12e2fc0c73ea8531,advertising and marketing professionals,14,b5ef063dc9f9104e380b55b8fc5e47e23c19db9eb2b3a24d12e2fc0c73ea8531,pet groomers and animal care workers,34.0,,,,,,,,,,,,,,,,,,,,,,,,,,,,,,,,,,,,
bc1db425-b068-46ff-b730-ba40ab113d0a,2f03b074cdf9e40b4c72d781c9b026ce64098bd5220bd637d6a88db5ca497d84,economists,15,2c77b3bb3a8e533729e2c728db66ed27651b48a02f073bb8cbf64b04414e5f05,prison guards,41,f290964e29a467020ed3c821abd40d53875928cb930f9be3086bb1733816bbc7,economists,11.0,bcab88fbaadbd5bd0f1a67d54e4e1738fbc9ff9850bcb4e0911421a4b6ece901,economists,39.0,,,,,,,,,,,,,,,,,,,,,,,,,,,,,,,,,
bd3351c3-26f4-44d8-a85e-196d79bdc95b,2f03b074cdf9e40b4c72d781c9b026ce64098bd5220bd637d6a88db5ca497d84,managing directors and chief executives,4,2f03b074cdf9e40b4c72d781c9b026ce64098bd5220bd637d6a88db5ca497d84,education methods specialists,22,317e30160f5b3b7110e7c61c7d449f9043b13294582374438ae62b096c545490,information and communications technology user support technicians,11.0,,,,,,,,,,,,,,,,,,,,,,,,,,,,,,,,,,,,
bd653d03-5376-42bb-ab89-5499b3b33a8a,4dfaa6fee3707aecca3701971391feaeec77a1516cae59bb8b7d185984f52ab5,financial analysts,90,ec3ec378fe002ca5d88063e6c91f01f45b535ca4c6e41d4e914fe6d7009c8d71,financial analysts,11,2f03b074cdf9e40b4c72d781c9b026ce64098bd5220bd637d6a88db5ca497d84,food and related products machine operators,25.0,,,,,,,,,,,,,,,,,,,,,,,,,,,,,,,,,,,,
bdb8cc11-a11a-4eb7-88fa-5ecc35e8d70f,eaac0f48d2ccec4d9cfca2115cb16800ecd23f60265f0ca0995ef41b8c55ac60,technical and medical sales professionals (excluding ict),33,eaac0f48d2ccec4d9cfca2115cb16800ecd23f60265f0ca0995ef41b8c55ac60,authors and related writers,21,f62f5439a55ae1cd375f4e03e98ef1c679c4b9eb032fe2116834cc67f2491712,electronics engineers,53.0,c40eb2e96b233088d90a97c3f0071325f435671464cfa7b95802149b66ea337a,financial and investment advisers,46.0,,,,,,,,,,,,,,,,,,,,,,,,,,,,,,,,,
bfabb3e8-7306-4790-88b1-302696b35f7d,b5ef063dc9f9104e380b55b8fc5e47e23c19db9eb2b3a24d12e2fc0c73ea8531,university and higher education teachers,51,0868221577c412799bbc1a0835df4128284f91c5ba0bc95a007baf2b5a495665,shipsõ engineers,42,,,,,,,,,,,,,,,,,,,,,,,,,,,,,,,,,,,,,,,
c00a1425-d45a-4201-8df2-6f89cc91b05d,2f03b074cdf9e40b4c72d781c9b026ce64098bd5220bd637d6a88db5ca497d84,vocational education teachers,18,9fbf261b62c1d7c00db73afb81dd97fdf20b3442e36e338cb9359b856a03bdc8,vocational education teachers,11,faa798a76e5ba0de080c07223afa49cd5645f3145802222ba375e20bfeddd012,mechanical engineering technicians,7.0,0c9995426ed94d5691e5295d97d87e67641e4107c54570da8722111da73126cc,mechanical engineering technicians,8.0,2f03b074cdf9e40b4c72d781c9b026ce64098bd5220bd637d6a88db5ca497d84,general office clerks,9.0,,,,,,,,,,,,,,,,,,,,,,,,,,,,,,
c082a500-2b3c-4df8-9cc9-d5336c1c9968,317e30160f5b3b7110e7c61c7d449f9043b13294582374438ae62b096c545490,software developers,6,317e30160f5b3b7110e7c61c7d449f9043b13294582374438ae62b096c545490,social work and counselling professionals,16,,,,,,,,,,,,,,,,,,,,,,,,,,,,,,,,,,,,,,,
c2f0e144-b126-4219-9f74-82af6c112c5f,2834b4e212fc6f1ffaff745ec8efb38df9e704730c47ec43444a3216d3d9ef9d,software developers,1,42f1e9444ee01191b712631bb1db9c12d71154aeb187840bd5587bfea32a9b5b,software developers,4,2f03b074cdf9e40b4c72d781c9b026ce64098bd5220bd637d6a88db5ca497d84,software developers,15.0,db9bed63cd62be6f80ec30bcfa8ec501a7594838e65cb76f76785b3d1c42d31a,software developers,14.0,2834b4e212fc6f1ffaff745ec8efb38df9e704730c47ec43444a3216d3d9ef9d,personnel and careers professionals,1.0,,,,,,,,,,,,,,,,,,,,,,,,,,,,,,
c3261d34-684d-4b74-82b7-ae8b9ab2b645,367e92f44ecf212760f1f1e9e6e4f98b0482c997c40ec23a13ef496edb01c02d,manufacturing supervisors,53,074836f99e3539947da643a67938ba89c1c93d991bc7f2912e21396db418c71f,secretaries (general),28,2ef1ffd1f5d9bd2cf5cc76cf4508963e4657ae0908d12ae2f834d855a376c268,contact centre salespersons,5.0,,,,,,,,,,,,,,,,,,,,,,,,,,,,,,,,,,,,
c3cf3c3f-4a06-4908-a22a-f739e61f4cd1,2834b4e212fc6f1ffaff745ec8efb38df9e704730c47ec43444a3216d3d9ef9d,securities and finance dealers and brokers,18,dc58f69cdf6f6e2f0db6692ea155d981b35ee858d71e79c29a32de2dd9b2ffff,debt-collectors and related workers,12,ebccd80797e10d56166ac7819b76b76600997401a9a891e9dda1c7c1b183aebf,accountants,26.0,faa798a76e5ba0de080c07223afa49cd5645f3145802222ba375e20bfeddd012,accountants,23.0,2f03b074cdf9e40b4c72d781c9b026ce64098bd5220bd637d6a88db5ca497d84,securities and finance dealers and brokers,28.0,,,,,,,,,,,,,,,,,,,,,,,,,,,,,,
c4898ba5-bd3d-4700-9c61-b7b2f7ebe721,cb571403f03f2568c5b737f55fcd292a2c7245c6ee832d08fbedb5c6b2412ebd,mechanical engineers,18,e8ac78a869f2273183a04535215e6157cc2be0184040b9246832acb2add09d6d,graphic and multimedia designers,23,e8ac78a869f2273183a04535215e6157cc2be0184040b9246832acb2add09d6d,"supply, distribution and related managers",34.0,e8ac78a869f2273183a04535215e6157cc2be0184040b9246832acb2add09d6d,"supply, distribution and related managers",29.0,,,,,,,,,,,,,,,,,,,,,,,,,,,,,,,,,
c5ea17f4-28cd-4a2a-8fb3-0030b43db86c,2f03b074cdf9e40b4c72d781c9b026ce64098bd5220bd637d6a88db5ca497d84,medical records and health information technicians,20,2f03b074cdf9e40b4c72d781c9b026ce64098bd5220bd637d6a88db5ca497d84,medical records and health information technicians,24,7db2e8570b81cdc14adc1f4376c279fac1f463e80dc47cd76f8bcf1f1c180cb5,managing directors and chief executives,36.0,,,,,,,,,,,,,,,,,,,,,,,,,,,,,,,,,,,,
c7b4b79e-72c2-4e05-96f0-96980e328285,2f03b074cdf9e40b4c72d781c9b026ce64098bd5220bd637d6a88db5ca497d84,education managers,124,0c9995426ed94d5691e5295d97d87e67641e4107c54570da8722111da73126cc,engineering professionals not elsewhere classified,16,,,,,,,,,,,,,,,,,,,,,,,,,,,,,,,,,,,,,,,
c9910b10-6d57-4762-a39f-52bc6b137486,33b38b3c99b1d16fa226ea8fe2a1ddf3c5b6aac7acd3985a5bba5da0efd4e4a4,human resource managers,38,2f03b074cdf9e40b4c72d781c9b026ce64098bd5220bd637d6a88db5ca497d84,credit and loans officers,30,2f03b074cdf9e40b4c72d781c9b026ce64098bd5220bd637d6a88db5ca497d84,bank tellers and related clerks,26.0,725e1e80e2a87dc4c8b59455828e8f7f044c7f664e46fb951fd241ab9a7d5e07,administrative and executive secretaries,20.0,,,,,,,,,,,,,,,,,,,,,,,,,,,,,,,,,
c9fd2d9f-3001-49ad-a67d-3eab4e0a42c3,2f03b074cdf9e40b4c72d781c9b026ce64098bd5220bd637d6a88db5ca497d84,"announcers on radio, television and other media",8,f62f5439a55ae1cd375f4e03e98ef1c679c4b9eb032fe2116834cc67f2491712,social work and counselling professionals,77,,,,,,,,,,,,,,,,,,,,,,,,,,,,,,,,,,,,,,,
ca4ca0be-2236-44b8-afb2-dcfea84caa2b,317e30160f5b3b7110e7c61c7d449f9043b13294582374438ae62b096c545490,managing directors and chief executives,18,1375576f05ad074d671f59cd4b8ef8be3788deffa6d65c8099622c008a785ad9,electrical engineers,17,,,,,,,,,,,,,,,,,,,,,,,,,,,,,,,,,,,,,,,
cbb5887e-d4e2-4d8c-a013-28794d743111,42f1e9444ee01191b712631bb1db9c12d71154aeb187840bd5587bfea32a9b5b,"metal finishing, plating and coating machine operators",10,5ff147c6db038bd8432bb9a31150362438de1981efb1a179ab9066700d1bf667,"statistical, finance and insurance clerks",19,,,,,,,,,,,,,,,,,,,,,,,,,,,,,,,,,,,,,,,
cd655b1d-d94e-4d33-a434-40079564df31,2f03b074cdf9e40b4c72d781c9b026ce64098bd5220bd637d6a88db5ca497d84,"statistical, finance and insurance clerks",7,fca1253b22a71ba67312b3dd99817d6a0384f7c84a819c4ddd0f5ed254e6dae0,civil engineers,13,d9a50552a03a374de62b0d5a42b8cff7854b3e1bc30b1636809ed16c90baf16c,commercial sales representatives,59.0,b9e57f0164d01ff0cb221a584ceff64a1bdfef1da036578e7bef341a3ba05aa5,commercial sales representatives,17.0,bf401bc9d39b0715c5710d5d679c162d27517884c613acffa34e1b2d5bd056be,civil engineers,60.0,0a6f51e8898aea3073805197fb1ca622a908f7fac07e587e0c7c77aab295d86b,creative and performing artists not elsewhere classified,25.0,,,,,,,,,,,,,,,,,,,,,,,,,,,
cdb1e32b-e5a2-4592-8ef9-a25b71cfb762,8f282a0951f44fe20a43762f12e828682ec09ce54fc58d84f651435d7a553c96,human resource managers,80,b5ef063dc9f9104e380b55b8fc5e47e23c19db9eb2b3a24d12e2fc0c73ea8531,human resource managers,21,b5ef063dc9f9104e380b55b8fc5e47e23c19db9eb2b3a24d12e2fc0c73ea8531,personnel and careers professionals,6.0,,,,,,,,,,,,,,,,,,,,,,,,,,,,,,,,,,,,
cf5996eb-cd94-42cc-a77c-93e6c5bf2090,f6890cfc471b933a9519c3fd5a88e81f0c4e8205b13983d0122600fd4d578310,personnel and careers professionals,10,2f03b074cdf9e40b4c72d781c9b026ce64098bd5220bd637d6a88db5ca497d84,personnel and careers professionals,7,,,,,,,,,,,,,,,,,,,,,,,,,,,,,,,,,,,,,,,
d02a49c4-cfc3-49c7-9b58-4b7d664cf72f,f9721251990ea3ce2ab1de033ff05bb4d9e23b91351ebe63a92c6491d9bb691c,accounting and bookkeeping clerks,93,2834b4e212fc6f1ffaff745ec8efb38df9e704730c47ec43444a3216d3d9ef9d,accounting and bookkeeping clerks,46,,,,,,,,,,,,,,,,,,,,,,,,,,,,,,,,,,,,,,,
d37f6a26-19cf-433c-b015-8446a30619c3,e333c47e4b5ce74c6916d4d7ce2d39879d59e6319bcc41875b966936ad13a4f7,"textile, fur and leather products machine operators not elsewhere classified",9,8afc8c5ce5baa02e1099bbfb24e8eada7fb99fe6c799f0f5bb0191e515268e36,prison guards,20,2f03b074cdf9e40b4c72d781c9b026ce64098bd5220bd637d6a88db5ca497d84,administrative and executive secretaries,11.0,d9a50552a03a374de62b0d5a42b8cff7854b3e1bc30b1636809ed16c90baf16c,administrative and executive secretaries,8.0,63d283e55344a1cf3802fbe70ff2d48c0b7f13ba2101f30830fde36a78015e1e,software developers,31.0,2f03b074cdf9e40b4c72d781c9b026ce64098bd5220bd637d6a88db5ca497d84,systems analysts,41.0,,,,,,,,,,,,,,,,,,,,,,,,,,,
d6b979ca-7cc5-4b56-aa96-7fd8b1da004f,2f03b074cdf9e40b4c72d781c9b026ce64098bd5220bd637d6a88db5ca497d84,"supply, distribution and related managers",10,64a6ed8fa2b96e405330bd03e835267829fa02c67843f35104a9afe185306141,"supply, distribution and related managers",15,2f03b074cdf9e40b4c72d781c9b026ce64098bd5220bd637d6a88db5ca497d84,software developers,25.0,f290964e29a467020ed3c821abd40d53875928cb930f9be3086bb1733816bbc7,software developers,19.0,0c9995426ed94d5691e5295d97d87e67641e4107c54570da8722111da73126cc,software developers,13.0,,,,,,,,,,,,,,,,,,,,,,,,,,,,,,
d6dca04e-9cd0-46f8-a24d-40920bb801f7,317e30160f5b3b7110e7c61c7d449f9043b13294582374438ae62b096c545490,travel attendants and travel stewards,11,2f03b074cdf9e40b4c72d781c9b026ce64098bd5220bd637d6a88db5ca497d84,business services and administration managers not elsewhere classified,30,2f03b074cdf9e40b4c72d781c9b026ce64098bd5220bd637d6a88db5ca497d84,debt-collectors and related workers,26.0,,,,,,,,,,,,,,,,,,,,,,,,,,,,,,,,,,,,
d95a22e6-4a9a-475a-b149-5ac866fa7009,d9a50552a03a374de62b0d5a42b8cff7854b3e1bc30b1636809ed16c90baf16c,engineering professionals not elsewhere classified,19,b40041695615258b5715d0ea5957e786816f9bf6143a144372c7e16acbcfdee4,food and related products machine operators,49,2f03b074cdf9e40b4c72d781c9b026ce64098bd5220bd637d6a88db5ca497d84,accounting and bookkeeping clerks,5.0,42f1e9444ee01191b712631bb1db9c12d71154aeb187840bd5587bfea32a9b5b,"statistical, finance and insurance clerks",16.0,42f1e9444ee01191b712631bb1db9c12d71154aeb187840bd5587bfea32a9b5b,aircraft pilots and related associate professionals,8.0,42f1e9444ee01191b712631bb1db9c12d71154aeb187840bd5587bfea32a9b5b,software developers,8.0,42f1e9444ee01191b712631bb1db9c12d71154aeb187840bd5587bfea32a9b5b,software developers,13.0,42f1e9444ee01191b712631bb1db9c12d71154aeb187840bd5587bfea32a9b5b,software developers,15.0,,,,,,,,,,,,,,,,,,,,,
d96a4bd1-bd9c-49c2-a07d-9d25165bf685,2f03b074cdf9e40b4c72d781c9b026ce64098bd5220bd637d6a88db5ca497d84,authors and related writers,17,317e30160f5b3b7110e7c61c7d449f9043b13294582374438ae62b096c545490,retail and wholesale trade managers,36,42f1e9444ee01191b712631bb1db9c12d71154aeb187840bd5587bfea32a9b5b,retail and wholesale trade managers,9.0,cbcaa44ce014a5a805dcba003cdc2657745fab788dd6a89f7f025414dc73fd19,information and communications technology user support technicians,11.0,,,,,,,,,,,,,,,,,,,,,,,,,,,,,,,,,
dac56c24-0794-4dd5-8052-314d06838a34,2f03b074cdf9e40b4c72d781c9b026ce64098bd5220bd637d6a88db5ca497d84,systems analysts,60,413bb748aa81d7b73257fd857e945f60bd392c5fa8618bcd9b9129ed36b04a1a,systems analysts,19,,,,,,,,,,,,,,,,,,,,,,,,,,,,,,,,,,,,,,,
dbc261a9-fc0c-454a-b90c-586dd24f84c9,db9bed63cd62be6f80ec30bcfa8ec501a7594838e65cb76f76785b3d1c42d31a,research and development managers,74,2f03b074cdf9e40b4c72d781c9b026ce64098bd5220bd637d6a88db5ca497d84,food and related products machine operators,24,2f03b074cdf9e40b4c72d781c9b026ce64098bd5220bd637d6a88db5ca497d84,legal professionals not elsewhere classified,5.0,c0f095d634c070ee255c18211748fcba6cea2328cd4277b9303f957dbc434ab4,pet groomers and animal care workers,21.0,00960d28418bc6c4c3f94eca2ae9ab26c2c98a94877d5fe7e797c5ed2af14e74,pet groomers and animal care workers,20.0,0cdb23abe4f4a0266f559758c73f664e58fed139b2517e72854e9e515d9bba56,pet groomers and animal care workers,10.0,2f03b074cdf9e40b4c72d781c9b026ce64098bd5220bd637d6a88db5ca497d84,electronics engineers,28.0,33b38b3c99b1d16fa226ea8fe2a1ddf3c5b6aac7acd3985a5bba5da0efd4e4a4,electronics engineers,38.0,,,,,,,,,,,,,,,,,,,,,
dbe28df4-6ecd-4090-8daa-0c6f55f6f4d5,06b5472c16feae4ceaadcf836ff6fc198328b7d8a1ebf2b4c93f68003b2e0500,metal processing plant operators,12,2f03b074cdf9e40b4c72d781c9b026ce64098bd5220bd637d6a88db5ca497d84,engineering professionals not elsewhere classified,19,,,,,,,,,,,,,,,,,,,,,,,,,,,,,,,,,,,,,,,
dc1ed49a-35fe-46ce-89a2-983b3ec5781f,9ac1db723bff18e198aae9347d63fc79dba70c4efafaf655c22c8d35ce500331,management and organisation analysts,68,8f7327bbec1fa326e6db110f9893178d290dfeff71ecb579bfbc4530f5b551c9,shop sales assistants,26,317e30160f5b3b7110e7c61c7d449f9043b13294582374438ae62b096c545490,advertising and marketing professionals,12.0,2834b4e212fc6f1ffaff745ec8efb38df9e704730c47ec43444a3216d3d9ef9d,commercial sales representatives,11.0,2f03b074cdf9e40b4c72d781c9b026ce64098bd5220bd637d6a88db5ca497d84,commercial sales representatives,14.0,,,,,,,,,,,,,,,,,,,,,,,,,,,,,,
dd3916b7-41e0-4d7a-8130-e4ba666d858f,2f03b074cdf9e40b4c72d781c9b026ce64098bd5220bd637d6a88db5ca497d84,technical and medical sales professionals (excluding ict),27,b5ef063dc9f9104e380b55b8fc5e47e23c19db9eb2b3a24d12e2fc0c73ea8531,pet groomers and animal care workers,22,,,,,,,,,,,,,,,,,,,,,,,,,,,,,,,,,,,,,,,
ddf94d97-0180-4740-a7f1-153a04372d93,2834b4e212fc6f1ffaff745ec8efb38df9e704730c47ec43444a3216d3d9ef9d,civil engineering technicians,101,317e30160f5b3b7110e7c61c7d449f9043b13294582374438ae62b096c545490,mechanical engineers,22,,,,,,,,,,,,,,,,,,,,,,,,,,,,,,,,,,,,,,,
df834dc9-59be-4fee-924d-04392111dc21,2f03b074cdf9e40b4c72d781c9b026ce64098bd5220bd637d6a88db5ca497d84,trade brokers,32,2f03b074cdf9e40b4c72d781c9b026ce64098bd5220bd637d6a88db5ca497d84,trade brokers,29,2f03b074cdf9e40b4c72d781c9b026ce64098bd5220bd637d6a88db5ca497d84,home-based personal care workers,24.0,,,,,,,,,,,,,,,,,,,,,,,,,,,,,,,,,,,,
e062bf57-532b-4d4a-9736-7abbc0c85518,2f03b074cdf9e40b4c72d781c9b026ce64098bd5220bd637d6a88db5ca497d84,food and related products machine operators,24,2f03b074cdf9e40b4c72d781c9b026ce64098bd5220bd637d6a88db5ca497d84,financial analysts,18,,,,,,,,,,,,,,,,,,,,,,,,,,,,,,,,,,,,,,,
e0e2e74f-071a-4a39-907b-3a3a69f735a7,8afc8c5ce5baa02e1099bbfb24e8eada7fb99fe6c799f0f5bb0191e515268e36,"supply, distribution and related managers",13,2f03b074cdf9e40b4c72d781c9b026ce64098bd5220bd637d6a88db5ca497d84,"supply, distribution and related managers",11,d9a50552a03a374de62b0d5a42b8cff7854b3e1bc30b1636809ed16c90baf16c,medical records and health information technicians,5.0,faa798a76e5ba0de080c07223afa49cd5645f3145802222ba375e20bfeddd012,"mathematicians, actuaries and statisticians",7.0,52cc756414065eefc34abc8f6fc11f8fad4987b47dd41ca008fc0726989e44b7,software and applications developers and analysts not elsewhere classified,21.0,2f03b074cdf9e40b4c72d781c9b026ce64098bd5220bd637d6a88db5ca497d84,software developers,38.0,,,,,,,,,,,,,,,,,,,,,,,,,,,
e2d9bf1a-265f-439b-98d4-d91ced0dd10e,2f03b074cdf9e40b4c72d781c9b026ce64098bd5220bd637d6a88db5ca497d84,systems analysts,11,8afc8c5ce5baa02e1099bbfb24e8eada7fb99fe6c799f0f5bb0191e515268e36,systems analysts,9,,,,,,,,,,,,,,,,,,,,,,,,,,,,,,,,,,,,,,,
e342f93f-5c3c-4cd6-b924-dfd0d880f101,2f03b074cdf9e40b4c72d781c9b026ce64098bd5220bd637d6a88db5ca497d84,human resource managers,23,f290964e29a467020ed3c821abd40d53875928cb930f9be3086bb1733816bbc7,human resource managers,16,2834b4e212fc6f1ffaff745ec8efb38df9e704730c47ec43444a3216d3d9ef9d,human resource managers,32.0,d9a50552a03a374de62b0d5a42b8cff7854b3e1bc30b1636809ed16c90baf16c,human resource managers,34.0,,,,,,,,,,,,,,,,,,,,,,,,,,,,,,,,,
e4401dcf-9a66-43dc-b1a0-397d783afada,33b38b3c99b1d16fa226ea8fe2a1ddf3c5b6aac7acd3985a5bba5da0efd4e4a4,librarians and related information professionals,17,17a52e4b0ffddfd77819008fced29bcf5f33a23b3ca890facaa5076bb1f65326,information and communications technology service managers,41,0033fde84fc017730d10d125e60b6eaace90ef5ca31a7e707ecb27faa8742ba7,advertising and marketing professionals,54.0,dc58f69cdf6f6e2f0db6692ea155d981b35ee858d71e79c29a32de2dd9b2ffff,"supply, distribution and related managers",49.0,0033fde84fc017730d10d125e60b6eaace90ef5ca31a7e707ecb27faa8742ba7,authors and related writers,12.0,b40041695615258b5715d0ea5957e786816f9bf6143a144372c7e16acbcfdee4,policy administration professionals,30.0,,,,,,,,,,,,,,,,,,,,,,,,,,,
e7b5b3aa-31f6-46aa-b22c-bc0c60921100,33b38b3c99b1d16fa226ea8fe2a1ddf3c5b6aac7acd3985a5bba5da0efd4e4a4,information and communications technology installers and servicers,19,2f03b074cdf9e40b4c72d781c9b026ce64098bd5220bd637d6a88db5ca497d84,technical and medical sales professionals (excluding ict),43,,,,,,,,,,,,,,,,,,,,,,,,,,,,,,,,,,,,,,,
e7f0fc8e-c0af-41d9-ac15-be08fec0a4c9,33b38b3c99b1d16fa226ea8fe2a1ddf3c5b6aac7acd3985a5bba5da0efd4e4a4,non-commissioned armed forces officers,33,2f03b074cdf9e40b4c72d781c9b026ce64098bd5220bd637d6a88db5ca497d84,legal professionals not elsewhere classified,7,,,,,,,,,,,,,,,,,,,,,,,,,,,,,,,,,,,,,,,
e8632111-3c7d-419d-a6e6-697df8e2bf50,64a6ed8fa2b96e405330bd03e835267829fa02c67843f35104a9afe185306141,administrative and executive secretaries,37,f290964e29a467020ed3c821abd40d53875928cb930f9be3086bb1733816bbc7,software and applications developers and analysts not elsewhere classified,14,317e30160f5b3b7110e7c61c7d449f9043b13294582374438ae62b096c545490,software developers,29.0,65326aa32ab9fbc54ff08bce26de4ffaa644f813b41af1c8c6358c1b707d6c10,web and multimedia developers,4.0,,,,,,,,,,,,,,,,,,,,,,,,,,,,,,,,,
ea51e3dc-6a2d-47d5-a558-089415ede3fa,65326aa32ab9fbc54ff08bce26de4ffaa644f813b41af1c8c6358c1b707d6c10,information and communications technology user support technicians,38,2f03b074cdf9e40b4c72d781c9b026ce64098bd5220bd637d6a88db5ca497d84,commercial sales representatives,24,,,,,,,,,,,,,,,,,,,,,,,,,,,,,,,,,,,,,,,
ea5f6314-61a0-48b2-a060-9597c1fecb8e,ada14a01df8b9ff655443ed96ba3198dc23b015eeb882f2bb8e4a6c96e77b722,administrative and executive secretaries,18,2834b4e212fc6f1ffaff745ec8efb38df9e704730c47ec43444a3216d3d9ef9d,"statistical, finance and insurance clerks",30,,,,,,,,,,,,,,,,,,,,,,,,,,,,,,,,,,,,,,,
eb706ea7-81bb-4571-86e2-b9b687a8b272,5f2ec14067a468c15e128a2b21df7494f756f352af3328e35ec2bef96dd6174b,administrative and executive secretaries,24,317e30160f5b3b7110e7c61c7d449f9043b13294582374438ae62b096c545490,accounting and bookkeeping clerks,13,22fbbde69880a46530ecb02365dc07d3ddbc19aa8558f432b4728bb663d44f71,software and applications developers and analysts not elsewhere classified,9.0,ce749e840dcada0f9196edd49327ae5b3ab16f1d0405e72c1cb7d62b04538a42,software developers,13.0,2f03b074cdf9e40b4c72d781c9b026ce64098bd5220bd637d6a88db5ca497d84,software and applications developers and analysts not elsewhere classified,19.0,33b38b3c99b1d16fa226ea8fe2a1ddf3c5b6aac7acd3985a5bba5da0efd4e4a4,software developers,22.0,,,,,,,,,,,,,,,,,,,,,,,,,,,
ebd59005-7405-4409-ba4f-fab98f2f1059,2f03b074cdf9e40b4c72d781c9b026ce64098bd5220bd637d6a88db5ca497d84,mining and metallurgical technicians,9,317e30160f5b3b7110e7c61c7d449f9043b13294582374438ae62b096c545490,financial analysts,17,b5ef063dc9f9104e380b55b8fc5e47e23c19db9eb2b3a24d12e2fc0c73ea8531,accounting associate professionals,36.0,,,,,,,,,,,,,,,,,,,,,,,,,,,,,,,,,,,,
ebe82157-1334-4af3-8041-0a01981bf281,2f03b074cdf9e40b4c72d781c9b026ce64098bd5220bd637d6a88db5ca497d84,hand launderers and pressers,51,6ed9b5d051bcee632b2fed04d8634c3dfd2364adcfb10f831865086ed0c71355,engineering professionals not elsewhere classified,13,,,,,,,,,,,,,,,,,,,,,,,,,,,,,,,,,,,,,,,
ec704fa8-186d-45ea-9701-654189ba462f,413bb748aa81d7b73257fd857e945f60bd392c5fa8618bcd9b9129ed36b04a1a,policy administration professionals,18,2f03b074cdf9e40b4c72d781c9b026ce64098bd5220bd637d6a88db5ca497d84,economists,10,b043864b7ffb308f63b438a86e60c6d231aae29e020be80c944801e065229e15,economists,14.0,2834b4e212fc6f1ffaff745ec8efb38df9e704730c47ec43444a3216d3d9ef9d,economists,51.0,,,,,,,,,,,,,,,,,,,,,,,,,,,,,,,,,
ec77c654-c6d8-45c5-9ab6-c4e3812c809f,b40041695615258b5715d0ea5957e786816f9bf6143a144372c7e16acbcfdee4,aircraft pilots and related associate professionals,47,4dfaa6fee3707aecca3701971391feaeec77a1516cae59bb8b7d185984f52ab5,engineering professionals not elsewhere classified,24,,,,,,,,,,,,,,,,,,,,,,,,,,,,,,,,,,,,,,,
ec939525-8223-46eb-9371-36af049e28c3,2f03b074cdf9e40b4c72d781c9b026ce64098bd5220bd637d6a88db5ca497d84,"statistical, finance and insurance clerks",20,2f03b074cdf9e40b4c72d781c9b026ce64098bd5220bd637d6a88db5ca497d84,financial and investment advisers,9,2f03b074cdf9e40b4c72d781c9b026ce64098bd5220bd637d6a88db5ca497d84,industrial and production engineers,38.0,,,,,,,,,,,,,,,,,,,,,,,,,,,,,,,,,,,,
ee250433-c3ed-4e87-8565-18174ea256d3,317e30160f5b3b7110e7c61c7d449f9043b13294582374438ae62b096c545490,sewing machine operators,19,b5ef063dc9f9104e380b55b8fc5e47e23c19db9eb2b3a24d12e2fc0c73ea8531,metal working machine tool setters and operators,11,,,,,,,,,,,,,,,,,,,,,,,,,,,,,,,,,,,,,,,
ef068b00-4e4b-466b-ba6e-0358e9f1152f,2f03b074cdf9e40b4c72d781c9b026ce64098bd5220bd637d6a88db5ca497d84,professional services managers not elsewhere classified,14,317e30160f5b3b7110e7c61c7d449f9043b13294582374438ae62b096c545490,authors and related writers,11,,,,,,,,,,,,,,,,,,,,,,,,,,,,,,,,,,,,,,,
ef550a18-f95f-4417-8cc0-19fab3b15d45,1881f398cd923029f11398a1a9ac2af252cf822bea8f194eee4aacb6c3ec6021,policy and planning managers,36,3ee49785593999cef46e1c1482ad1a246d6e319b48149ec2e8cdff05ddf8b236,commercial sales representatives,12,febe1a60e50c91af3fd7f40232172272ccde6f4d232b746afb9da1d83ddb8baa,policy administration professionals,7.0,943c3eeb252dbd176df2295566dad51a65ddc81165de0df9873a4ae9f7bf09bd,information and communications technology service managers,16.0,c40eb2e96b233088d90a97c3f0071325f435671464cfa7b95802149b66ea337a,commercial sales representatives,76.0,,,,,,,,,,,,,,,,,,,,,,,,,,,,,,
f05c38a4-ee7f-45b3-b998-e09e5fe48ad9,317e30160f5b3b7110e7c61c7d449f9043b13294582374438ae62b096c545490,economists,22,2f03b074cdf9e40b4c72d781c9b026ce64098bd5220bd637d6a88db5ca497d84,training and staff development professionals,19,317e30160f5b3b7110e7c61c7d449f9043b13294582374438ae62b096c545490,accounting and bookkeeping clerks,22.0,20cd0cd5561b7df589741b649547fb853436f3b02e243e53eddca0eae5621336,shop sales assistants,20.0,93babfec2f0c9778de88e6d0a303448a194353c425497bab45f7ba0a0dbe842d,commercial sales representatives,18.0,,,,,,,,,,,,,,,,,,,,,,,,,,,,,,
f07350dd-a192-4d5c-9a17-c5e1d435fd1e,2f03b074cdf9e40b4c72d781c9b026ce64098bd5220bd637d6a88db5ca497d84,policy administration professionals,10,0555d7097f382bb7502b9e40f25af238bd729fdd2c1ce4f3d7c3c802dd7ff85c,shop sales assistants,9,,,,,,,,,,,,,,,,,,,,,,,,,,,,,,,,,,,,,,,
f229389c-5e48-4265-a8db-151f301e9b30,317e30160f5b3b7110e7c61c7d449f9043b13294582374438ae62b096c545490,accounting and bookkeeping clerks,31,dc58f69cdf6f6e2f0db6692ea155d981b35ee858d71e79c29a32de2dd9b2ffff,securities and finance dealers and brokers,11,33b38b3c99b1d16fa226ea8fe2a1ddf3c5b6aac7acd3985a5bba5da0efd4e4a4,prison guards,32.0,,,,,,,,,,,,,,,,,,,,,,,,,,,,,,,,,,,,
f3e4b87a-8547-4146-894a-a1140453c0a3,ffe3bb875ea6d786e8d2cb21d40244bf92c934bde4079e4afcdeea8d6cee2782,systems analysts,14,317e30160f5b3b7110e7c61c7d449f9043b13294582374438ae62b096c545490,technical and medical sales professionals (excluding ict),27,052acd328e541ead6ea77fac197e4e87676c1f1586415fc1960223fb9152f4c7,commercial sales representatives,14.0,,,,,,,,,,,,,,,,,,,,,,,,,,,,,,,,,,,,
f468b759-db1f-4bc9-acd2-f0dafaa23ca8,0c9995426ed94d5691e5295d97d87e67641e4107c54570da8722111da73126cc,software developers,32,2f03b074cdf9e40b4c72d781c9b026ce64098bd5220bd637d6a88db5ca497d84,software developers,32,,,,,,,,,,,,,,,,,,,,,,,,,,,,,,,,,,,,,,,
f507e771-96ef-4340-af5b-dd7aaa78f9e1,2f03b074cdf9e40b4c72d781c9b026ce64098bd5220bd637d6a88db5ca497d84,human resource managers,31,dbb8160fcd54d2e8d017f56dbb4785507629718cbe99a90e41d9f14920a39a7e,human resource managers,9,,,,,,,,,,,,,,,,,,,,,,,,,,,,,,,,,,,,,,,
f5605eab-44ba-4d69-ab97-fd4f9202bc76,2f03b074cdf9e40b4c72d781c9b026ce64098bd5220bd637d6a88db5ca497d84,accounting associate professionals,12,317e30160f5b3b7110e7c61c7d449f9043b13294582374438ae62b096c545490,accounting and bookkeeping clerks,9,faa798a76e5ba0de080c07223afa49cd5645f3145802222ba375e20bfeddd012,accountants,27.0,,,,,,,,,,,,,,,,,,,,,,,,,,,,,,,,,,,,
f56fc4bb-5fb2-4841-9887-79ca68261066,2f03b074cdf9e40b4c72d781c9b026ce64098bd5220bd637d6a88db5ca497d84,civil engineers,17,26745dd4194d82b6b70b6d5a7c461542d3e400b2ea1e04d734ccd94a1ad8d1f5,trade brokers,8,0f843da8a813f2f5e52cb411ebf2be3b9b838f2a4e95a3f264103d22caa94f7a,policy administration professionals,11.0,5f74a92256aa4822119f5180c67e9a03425826801bd4576da489116ebb63ca91,personnel and careers professionals,10.0,8592232e6bac93d476093990ece236933428c7fb6f7197a4ea6008885ecdd6bb,personnel and careers professionals,20.0,c59d60368732179e5538b3b86299bffd2eb382f26f7718824efde37c1b2be4e9,authors and related writers,15.0,d91a16bab56dd30046f51abe86cb40401f71998a6256a7aa279c67264ac3c67d,authors and related writers,20.0,9d88498c698d62002ca2a6268d64768297b7d1a79240359efd7a35e0a727818b,authors and related writers,24.0,,,,,,,,,,,,,,,,,,,,,
f661ecf6-fd1d-4600-8f89-3672a5839abe,743598aceb5d73b958867c51d6387329c3dc447fcecfc2b5983e5616c733b8a0,administrative and executive secretaries,41,d992af593712c17fcc0c6801aa723b580399302c61d883506b2789d9a8bc5196,social work and counselling professionals,33,c40eb2e96b233088d90a97c3f0071325f435671464cfa7b95802149b66ea337a,technical and medical sales professionals (excluding ict),17.0,faa798a76e5ba0de080c07223afa49cd5645f3145802222ba375e20bfeddd012,retail and wholesale trade managers,8.0,5528a266f145e52b1909113269d53b17369dfa495d541628c661029da13e9237,software developers,23.0,,,,,,,,,,,,,,,,,,,,,,,,,,,,,,
f6e21d54-7b93-44a8-99aa-c93d26035464,2f03b074cdf9e40b4c72d781c9b026ce64098bd5220bd637d6a88db5ca497d84,commercial sales representatives,14,f9721251990ea3ce2ab1de033ff05bb4d9e23b91351ebe63a92c6491d9bb691c,prison guards,23,f9721251990ea3ce2ab1de033ff05bb4d9e23b91351ebe63a92c6491d9bb691c,administrative and executive secretaries,14.0,,,,,,,,,,,,,,,,,,,,,,,,,,,,,,,,,,,,
f763cb6d-65e9-4764-acb4-73df0bb63808,1530f536a21cb57824309647d814e5b75cd2d80b1d08b29a67aac2a365961ebc,accounting associate professionals,14,0c9995426ed94d5691e5295d97d87e67641e4107c54570da8722111da73126cc,accounting and bookkeeping clerks,1,317e30160f5b3b7110e7c61c7d449f9043b13294582374438ae62b096c545490,"armed forces occupations, other ranks",8.0,,,,,,,,,,,,,,,,,,,,,,,,,,,,,,,,,,,,
f7ab2808-fcca-4605-b228-715761a5343d,db9bed63cd62be6f80ec30bcfa8ec501a7594838e65cb76f76785b3d1c42d31a,personnel and careers professionals,2,d73d8e04a1757cc262ac8be66ca97a4929b9e5f53d4da90733ceb53bbb1e0eb1,retail and wholesale trade managers,1,b5ef063dc9f9104e380b55b8fc5e47e23c19db9eb2b3a24d12e2fc0c73ea8531,commercial sales representatives,5.0,,,,,,,,,,,,,,,,,,,,,,,,,,,,,,,,,,,,
f8145e3a-392a-45be-a47a-55ecd697f14d,317e30160f5b3b7110e7c61c7d449f9043b13294582374438ae62b096c545490,electrical engineers,16,317e30160f5b3b7110e7c61c7d449f9043b13294582374438ae62b096c545490,authors and related writers,27,2834b4e212fc6f1ffaff745ec8efb38df9e704730c47ec43444a3216d3d9ef9d,electronics engineers,12.0,,,,,,,,,,,,,,,,,,,,,,,,,,,,,,,,,,,,
f8e3a54e-3f97-4b8f-9c27-6f4d8e67dc80,ad498fd0cc722b94d041ca0f69d8e01efaf8ec37992947183eaa108266143b10,retail and wholesale trade managers,27,2f03b074cdf9e40b4c72d781c9b026ce64098bd5220bd637d6a88db5ca497d84,accounting and bookkeeping clerks,5,2f03b074cdf9e40b4c72d781c9b026ce64098bd5220bd637d6a88db5ca497d84,accounting and bookkeeping clerks,14.0,,,,,,,,,,,,,,,,,,,,,,,,,,,,,,,,,,,,
fbc90665-8b04-4873-8ef6-690f52f1975f,317e30160f5b3b7110e7c61c7d449f9043b13294582374438ae62b096c545490,retail and wholesale trade managers,8,f290964e29a467020ed3c821abd40d53875928cb930f9be3086bb1733816bbc7,retail and wholesale trade managers,12,2f03b074cdf9e40b4c72d781c9b026ce64098bd5220bd637d6a88db5ca497d84,transport conductors,10.0,317e30160f5b3b7110e7c61c7d449f9043b13294582374438ae62b096c545490,personnel and careers professionals,7.0,,,,,,,,,,,,,,,,,,,,,,,,,,,,,,,,,
fbdfed5f-a07f-4d6d-98d1-59eb2841e7a6,2f03b074cdf9e40b4c72d781c9b026ce64098bd5220bd637d6a88db5ca497d84,personnel and careers professionals,4,2f03b074cdf9e40b4c72d781c9b026ce64098bd5220bd637d6a88db5ca497d84,trade brokers,30,f6890cfc471b933a9519c3fd5a88e81f0c4e8205b13983d0122600fd4d578310,policy administration professionals,35.0,da1e06785cc2c9d4a5287c9400461c53250c475abd012eab8fcdc2d99e449e0f,personnel and careers professionals,11.0,2834b4e212fc6f1ffaff745ec8efb38df9e704730c47ec43444a3216d3d9ef9d,personnel and careers professionals,41.0,,,,,,,,,,,,,,,,,,,,,,,,,,,,,,
fd27f0a2-7ea2-485b-a106-84c7b3757854,4ad259ee020949994159041e596f7ba4d77162bb436facb2a6f624b080d57fe4,financial analysts,15,33b38b3c99b1d16fa226ea8fe2a1ddf3c5b6aac7acd3985a5bba5da0efd4e4a4,financial analysts,20,3ca37281bf0cdfd91f2e87057107612c0b25c9a74d944bfc2ccf8559a77f8ef5,applications programmers,28.0,2c53ffa38dc61c53c809e784b1967c9c400aad296cc8c8beca4e9b50b2b6c19c,software developers,19.0,2c53ffa38dc61c53c809e784b1967c9c400aad296cc8c8beca4e9b50b2b6c19c,software developers,19.0,,,,,,,,,,,,,,,,,,,,,,,,,,,,,,
fd891bc6-3cc0-4acb-bce9-2184cfcebecc,84ef22d373e780ad316a43a29147c4cc3a4afbc6cfa40da53eb9b1a6d3496206,shipsõ deck crews and related workers,1,84ef22d373e780ad316a43a29147c4cc3a4afbc6cfa40da53eb9b1a6d3496206,university and higher education teachers,24,,,,,,,,,,,,,,,,,,,,,,,,,,,,,,,,,,,,,,,
fe71418a-d9d5-4991-b41b-550490e14f6a,b5ef063dc9f9104e380b55b8fc5e47e23c19db9eb2b3a24d12e2fc0c73ea8531,university and higher education teachers,104,2f03b074cdf9e40b4c72d781c9b026ce64098bd5220bd637d6a88db5ca497d84,accountants,19,d9a50552a03a374de62b0d5a42b8cff7854b3e1bc30b1636809ed16c90baf16c,accounting and bookkeeping clerks,65.0,,,,,,,,,,,,,,,,,,,,,,,,,,,,,,,,,,,,
fe84a13a-8f42-4b7e-91aa-a8dbdca00332,2834b4e212fc6f1ffaff745ec8efb38df9e704730c47ec43444a3216d3d9ef9d,clerical support workers not elsewhere classified,6,317e30160f5b3b7110e7c61c7d449f9043b13294582374438ae62b096c545490,information and communications technology service managers,9,0033fde84fc017730d10d125e60b6eaace90ef5ca31a7e707ecb27faa8742ba7,information and communications technology service managers,45.0,42f1e9444ee01191b712631bb1db9c12d71154aeb187840bd5587bfea32a9b5b,civil engineers,21.0,42f1e9444ee01191b712631bb1db9c12d71154aeb187840bd5587bfea32a9b5b,business services and administration managers not elsewhere classified,68.0,,,,,,,,,,,,,,,,,,,,,,,,,,,,,,
ff47a5f7-cb5e-439f-84b1-f4c4657ec663,e618973ff8a0f26f2624d118cc5393ac02d8615a112894a26f7be999d6aef5cb,electronics mechanics and servicers,65,2f03b074cdf9e40b4c72d781c9b026ce64098bd5220bd637d6a88db5ca497d84,home-based personal care workers,11,,,,,,,,,,,,,,,,,,,,,,,,,,,,,,,,,,,,,,,
